Store name as per Uber Eats manager,External store ID as per Uber Eats manager,Order ID as per Uber Eats manager,Unique ID to identify the order ,"The mode of order fulfillment whether it was delivery by courier via Uber network, delivery by merchant, Pick-up by customer or Dine-in",Mode of payment used for order payment,"The platform from which the customer ordered, (i.e. iOS, Android, Uber Eats Web)","Either: Completed (eater received food), Cancelled (order cancelled by eater or support), Refund (eater was refunded for order), or Unfulfilled (order was not able to be completed)","Local date the order was placed, or local date of the original order placed for which there is a refund",Local timestamp for when order was accepted by the merchant ,Uber membership status of the customer who placed the order,Total item sales excl tax ,Tax on total item sales in the order,Total item sales incl tax,Amount merchants are responsible for refunding customers when they report order errors (excl tax),Tax Refund On Sales,Amount merchants are responsible for refunding customers when they report order errors (incl tax),Adjustments merchants made to the price of items once an order has been placed (excl tax),Tax on in-store price adjustments,Merchant promotions applied to the order,Tax on merchant promotions applied to the order,Merchant promotions applied to the delivery fee charged to Eaters,Tax on merchant promotions applied to the delivery fee charged to Eaters,Offer Redemption Fee,Fee charged to eater by the merchant for the packaging material,Amount merchant charges Uber for co-funded marketing campaigns. Varies depending on co-funding % for the campaign.,"Total item sales including promotions, adjustments and bag fee incl tax where applicable","The fee Uber charges to merchant to make their store visible to potential customers, provide support and other related services ( %fee is applied to sub-total before discounts) ",The % Marketplace fee Uber charges merchant,Tax on Marketplace fee charged to merchant by Uber,Fixed Fee charged to merchant by Uber for using Ubers delivery network ,Tax on delivery network fee charged to merchant by Uber,A flat % fee on the basket charged by Uber to merchants for processing every order ,"Where delivery fee is greater than cost of delivery, this is equal to (delivery fee minus the cost of delivery) where applicable",Tax on service fee charged by merchants to eaters,"For merchants who perform their own delivery, the tip from the Eater to the courier",Amount directed to Merchant Capital payments,Description of adhoc one-time payments or charges from Uber to the merchant,"All miscellaneous payments like Ad payments, Ad credits etc. inclusive of tax",Tax on Uber funded promotions applied to the order,Sales tax Uber Eats is required to pay in jurisdictions with marketplace facilitator laws ,"As required by the IRS, a % withheld from payments if the EIN/TIN is missing or does not match IRS records.",Total payout associated with this order (negative if associated with a refund)  Sales + Adjustments - promotions + marketing adjustment + Bag fee + delivery fee (self delivery) + tips (self-delivery) - marketplace fee +/- Other payments - marketplace facilitator tax  (incl tax where applicable),Date payout initiated by Uber (generally the Monday following the prior week),Amount commercially agreed to between Merchant and Uber added on a per item basis and charged to the Eater on Merchantâ€™s behalf	,Applicable taxes due on the Markup Amount,"This is the ID from retailers, used to identify retailer loyalty customers",The reference ID for identifying the payout related to this order in the Payout Summary Report CSV
Store Name,Store ID,Order ID,Workflow ID,Dining Mode,Payment Mode,Order Channel,Order Status,Order Date,Order Accept Time,Customer Uber-Membership Status,Sales (excl. tax),Tax on Sales,Sales (incl. tax),Order Error Adjustments,Tax on Order Error Adjustments,Order Error Adjustments (incl. tax),Price adjustments (excl. tax),Tax on Price Adjustments,Offers on items (incl. tax),Tax On Offers on items,Delivery Offer Redemptions (incl. tax),Tax On Delivery Offer Redemptions,Offer Redemption Fee,Bag Fee,Marketing Adjustment,Total Sales after Adjustments (incl tax),Marketplace Fee,Marketplace fee %,Tax on Marketplace Fee,Delivery Network Fee,Tax on Delivery Network Fee,Order Processing Fee,Delivery Fee,Tax On Delivery Fee,Tips,Capital payments,Other payments description,Other payments,"Marketplace Facilitator Tax Adjustment
",Marketplace Facilitator Tax,Backup Withholding Tax,Total payout ,Payout Date,Markup Amount,Markup Tax,Retailer Loyalty ID,Payout reference ID
Teleferic Barcelona (Los Angeles),,,,,,UberEats Unknown,,2/2/26,,,0,0,0,0,0,0,0,0,0,0,0,0,0,0,0,0,0,,0,0,0,0,0,0,0,0,Ad Spend,-10.07,0,0,0,-10.07,2/9/26,0,0,,7F9URJIZNZ9Z41N
Teleferic Barcelona (Los Angeles),,,,,,UberEats Unknown,,2/2/26,,,0,0,0,0,0,0,0,0,0,0,0,0,0,0,0,0,0,,0,0,0,0,0,0,0,0,Ad Spend,-26.96,0,0,0,-26.96,2/9/26,0,0,,7F9URJIZNZ9Z41N
Teleferic Barcelona (Los Angeles),,#C412E,44a5efa4-fa82-405d-902a-dcfacd6c412e,Delivery - Partner Using Uber App,Digital,Postmates iOS,Completed,2/2/26,12:26 PM,Uber One member,36,3.51,39.51,0,0,0,0,0,0,0,0,0,0,0,0,39.51,-7.2,20,0,0,0,0,0,0,0,0,,0,0,-3.51,0,28.8,2/9/26,0,0,,7F9URJIZNZ9Z41N
Teleferic Barcelona (Los Angeles),,#6EE0E,3ca30d97-c740-458f-b5b1-56e2eec6ee0e,Delivery - Partner Using Uber App,Digital,UberEats iOS,Completed,2/2/26,2:40 PM,Uber One member,47,4.59,51.59,0,0,0,0,0,-12.08,-1.08,0,0,0,0,0,39.51,-7.2,20,0,0,0,0,0,0,0,0,,0,0,-3.51,0,28.8,2/9/26,0,0,,7F9URJIZNZ9Z41N
Teleferic Barcelona (Los Angeles),,#E80F0,afdebe38-e9b4-4e13-b93b-abf572ce80f0,Delivery - Partner Using Uber App,Digital,UberEats Android,Completed,2/2/26,5:59 PM,Uber One member,96,10.32,106.32,0,0,0,0,0,-12.17,-1.17,0,0,0,0,0,94.15,-17,20,0,0,0,0,0,0,0,0,,0,0,-9.15,0,68,2/9/26,0,0,,7F9URJIZNZ9Z41N
Teleferic Barcelona (Los Angeles),,#8C135,5078ff76-4c6d-43f3-a535-097c8aa8c135,Delivery - Partner Using Uber App,Digital,UberEats iOS,Completed,2/2/26,5:55 PM,Uber One member,58,6.24,64.24,0,0,0,0,0,-12.18,-1.18,0,0,0,0,0,52.06,-9.4,20,0,0,0,0,0,0,0,0,,0,0,-5.06,0,37.6,2/9/26,0,0,,7F9URJIZNZ9Z41N
Teleferic Barcelona (Los Angeles),,#9F1C2,dada04ff-b62a-49e4-a5e9-e26faef9f1c2,Pickup,Digital,UberEats iOS,Completed,2/2/26,6:56 PM,Uber One member,33,3.22,36.22,0,0,0,0,0,0,0,0,0,0,0,0,36.22,-1.98,6,0,0,0,0,0,0,0,0,,0,0,-3.22,0,31.02,2/9/26,0,0,,7F9URJIZNZ9Z41N
Teleferic Barcelona (Los Angeles),,#ACD44,d39128ce-2d69-458c-8cc6-4093206acd44,Delivery - Partner Using Uber App,Digital,UberEats iOS,Completed,2/2/26,6:49 PM,Uber One member,58,5.66,63.66,0,0,0,0,0,-12.07,-1.07,0,0,0,0,0,51.59,-9.4,20,0,0,0,0,0,0,0,0,,0,0,-4.59,0,37.6,2/9/26,0,0,,7F9URJIZNZ9Z41N
Teleferic Barcelona (Los Angeles),,#BB8ED,a3a3db44-dabb-408e-afe0-a7c4048bb8ed,Delivery - Partner Using Uber App,Digital,UberEats iOS,Completed,2/2/26,7:40 PM,Uber One member,94,9.17,103.17,0,0,0,0,0,-12.07,-1.07,0,0,0,0,0,91.1,-16.6,20,0,0,0,0,0,0,0,0,,0,0,-8.1,0,66.4,2/9/26,0,0,,7F9URJIZNZ9Z41N
Teleferic Barcelona (Los Angeles),,#78C9E,63468dc4-2e5a-41ea-a9d8-7da758778c9e,Delivery - Partner Using Uber App,Digital,UberEats iOS,Completed,2/2/26,8:07 PM,Uber One member,36,3.51,39.51,0,0,0,0,0,0,0,0,0,0,0,0,39.51,-7.2,20,0,0,0,0,0,0,0,0,,0,0,-3.51,0,28.8,2/9/26,0,0,,7F9URJIZNZ9Z41N
Teleferic Barcelona (Los Angeles),,,,,,UberEats Unknown,,2/2/26,,,0,0,0,0,0,0,0,0,0,0,0,0,0,0,0,0,0,,0,0,0,0,0,0,0,0,Ad Spend,-5.48,0,0,0,-5.48,2/9/26,0,0,,7F9URJIZNZ9Z41N
Teleferic Barcelona (Los Angeles),,,,,,UberEats Unknown,,2/3/26,,,0,0,0,0,0,0,0,0,0,0,0,0,0,0,0,0,0,,0,0,0,0,0,0,0,0,Ad Spend,-26.09,0,0,0,-26.09,2/9/26,0,0,,7F9URJIZNZ9Z41N
Teleferic Barcelona (Los Angeles),,#FDAE0,c1981185-2d17-4139-90d5-8840280fdae0,Delivery - Partner Using Uber App,Digital,UberEats iOS,Completed,2/3/26,4:55 PM,Uber One member,32,3.12,35.12,0,0,0,0,0,-5.48,-0.48,0,0,-0.99,0,0,29.64,-5.4,20,0,0,0,0,0,0,0,0,Customer contribution,2,0,-2.64,0,22.61,2/9/26,0,0,,7F9URJIZNZ9Z41N
Teleferic Barcelona (Los Angeles),,,,,,UberEats Unknown,,2/3/26,,,0,0,0,0,0,0,0,0,0,0,0,0,0,0,0,0,0,,0,0,0,0,0,0,0,0,Ad Spend,-19.52,0,0,0,-19.52,2/9/26,0,0,,7F9URJIZNZ9Z41N
Teleferic Barcelona (Los Angeles),,,,,,UberEats Unknown,,2/4/26,,,0,0,0,0,0,0,0,0,0,0,0,0,0,0,0,0,0,,0,0,0,0,0,0,0,0,Ad Spend,-1.4,0,0,0,-1.4,2/9/26,0,0,,7F9URJIZNZ9Z41N
Teleferic Barcelona (Los Angeles),,#80E43,109c9652-d257-40e6-9e1d-05a990680e43,Delivery - Partner Using Uber App,Digital,UberEats iOS,Completed,2/4/26,12:33 PM,Uber One member,36,3.51,39.51,0,0,0,0,0,-5.48,-0.48,0,0,-0.99,0,0,34.03,-6.2,20,0,0,0,0,0,0,0,0,,0,0,-3.03,0,23.81,2/9/26,0,0,,7F9URJIZNZ9Z41N
Teleferic Barcelona (Los Angeles),,#BAD29,fbf20dbe-f18f-4e06-b3ae-cd3a25ebad29,Delivery - Partner Using Uber App,Digital,UberEats iOS,Completed,2/4/26,1:06 PM,Uber One member,57,5.57,62.57,0,0,0,0,0,-5.49,-0.49,0,0,-0.99,0,0,57.08,-10.4,20,0,0,0,0,0,0,0,0,,0,0,-5.08,0,40.61,2/9/26,0,0,,7F9URJIZNZ9Z41N
Teleferic Barcelona (Los Angeles),,#ED639,48722921-edff-4532-8f07-38e9995ed639,Delivery - Partner Using Uber App,Digital,UberEats iOS,Completed,2/4/26,5:51 PM,Non-member,24,2.34,26.34,0,0,0,0,0,0,0,0,0,0,0,0,26.34,-4.8,20,0,0,0,0,0,0,0,0,,0,0,-2.34,0,19.2,2/9/26,0,0,,7F9URJIZNZ9Z41N
Teleferic Barcelona (Los Angeles),,#7854D,60bc0363-ec65-41f0-b31f-ca2673b7854d,Delivery - Partner Using Uber App,Digital,UberEats iOS,Completed,2/4/26,6:07 PM,Uber One member,71,6.93,77.93,0,0,0,0,0,-10.97,-0.97,0,0,-0.99,0,0,66.96,-12.2,20,0,0,0,0,0,0,0,0,,0,0,-5.96,0,47.81,2/9/26,0,0,,7F9URJIZNZ9Z41N
Teleferic Barcelona (Los Angeles),,#C2F50,2fdce41a-f049-44bf-8369-0341b38c2f50,Delivery - Partner Using Uber App,Digital,UberEats iOS,Completed,2/4/26,4:52 PM,Uber One member,276,26.91,302.91,0,0,0,0,0,-5.49,-0.49,0,0,-0.99,0,0,297.42,-54.2,20,0,0,0,0,0,0,0,0,,0,0,-26.42,0,215.81,2/9/26,0,0,,7F9URJIZNZ9Z41N
Teleferic Barcelona (Los Angeles),,#24956,6576fd35-7dc3-4e11-b9dd-eb134aa24956,Delivery - Partner Using Uber App,Digital,Postmates iOS,Completed,2/4/26,6:04 PM,Uber One member,54,5.27,59.27,0,0,0,0,0,-10.98,-0.98,0,0,-0.99,0,0,48.29,-8.8,20,0,0,0,0,0,0,0,0,,0,0,-4.29,0,34.21,2/9/26,0,0,,7F9URJIZNZ9Z41N
Teleferic Barcelona (Los Angeles),,,,,,UberEats Unknown,,2/4/26,,,0,0,0,0,0,0,0,0,0,0,0,0,0,0,0,0,0,,0,0,0,0,0,0,0,0,Ad Spend,-1.28,0,0,0,-1.28,2/9/26,0,0,,7F9URJIZNZ9Z41N
Teleferic Barcelona (Los Angeles),,,,,,UberEats Unknown,,2/5/26,,,0,0,0,0,0,0,0,0,0,0,0,0,0,0,0,0,0,,0,0,0,0,0,0,0,0,Ad Spend,-4.49,0,0,0,-4.49,2/9/26,0,0,,7F9URJIZNZ9Z41N
Teleferic Barcelona (Los Angeles),,#E9D07,35ab93fb-26ae-490b-9ad8-00ba44de9d07,Delivery - Partner Using Uber App,Digital,UberEats iOS,Completed,2/5/26,2:47 PM,Uber One member,76,7.41,83.41,0,0,0,0,0,-5.48,-0.48,0,0,-0.99,0,0,77.93,-14.2,20,0,0,0,0,0,0,0,0,,0,0,-6.93,0,55.81,2/9/26,0,0,,7F9URJIZNZ9Z41N
Teleferic Barcelona (Los Angeles),,#E0099,5640c77e-8225-40f2-99ef-1d46eeae0099,Delivery - Partner Using Uber App,Digital,Postmates iOS,Completed,2/5/26,4:48 PM,Uber One member,24,2.34,26.34,0,0,0,0,0,0,0,0,0,0,0,0,26.34,-4.8,20,0,0,0,0,0,0,0,0,,0,0,-2.34,0,19.2,2/9/26,0,0,,7F9URJIZNZ9Z41N
Teleferic Barcelona (Los Angeles),,#72E54,65ba2d2c-577c-434a-8ee4-4c9a77772e54,Delivery - Partner Using Uber App,Digital,Postmates iOS,Completed,2/5/26,6:18 PM,Uber One member,56,6.02,62.02,0,0,0,0,0,-11.08,-1.08,0,0,-0.99,0,0,50.94,-9.2,20,0,0,0,0,0,0,0,0,,0,0,-4.94,0,35.81,2/9/26,0,0,,7F9URJIZNZ9Z41N
Teleferic Barcelona (Los Angeles),,#FBEE1,363d7df3-6e74-4dba-a6ee-1cf1598fbee1,Delivery - Partner Using Uber App,Digital,Postmates iOS,Completed,2/5/26,6:55 PM,Uber One member,33,3.56,36.56,0,0,0,0,0,0,0,0,0,0,0,0,36.56,-6.6,20,0,0,0,0,0,0,0,0,,0,0,-3.56,0,26.4,2/9/26,0,0,,7F9URJIZNZ9Z41N
Teleferic Barcelona (Los Angeles),,#2F27E,db0147c8-81cf-4719-8223-5ba281b2f27e,Delivery - Partner Using Uber App,Digital,UberEats iOS,Completed,2/6/26,12:46 PM,Non-member,16,1.56,17.56,0,0,0,0,0,0,0,0,0,0,0,0,17.56,-3.2,20,0,0,0,0,0,0,0,0,,0,0,-1.56,0,12.8,2/9/26,0,0,,7F9URJIZNZ9Z41N
Teleferic Barcelona (Los Angeles),,#00840,5a0f983d-d8d2-4f30-8bd5-f1745ba00840,Delivery - Partner Using Uber App,Digital,Postmates iOS,Completed,2/6/26,7:21 PM,Uber One member,46,4.49,50.49,0,0,0,0,0,0,0,0,0,0,0,0,50.49,-9.2,20,0,0,0,0,0,0,0,0,,0,0,-4.49,0,36.8,2/9/26,0,0,,7F9URJIZNZ9Z41N
Teleferic Barcelona (Los Angeles),,,,,,UberEats Unknown,,2/6/26,,,0,0,0,0,0,0,0,0,0,0,0,0,0,0,0,0,0,,0,0,0,0,0,0,0,0,Ad Spend,-4.38,0,0,0,-4.38,2/9/26,0,0,,7F9URJIZNZ9Z41N
Teleferic Barcelona (Los Angeles),,,,,,UberEats Unknown,,2/6/26,,,0,0,0,0,0,0,0,0,0,0,0,0,0,0,0,0,0,,0,0,0,0,0,0,0,0,Ad Spend,-2.71,0,0,0,-2.71,2/9/26,0,0,,7F9URJIZNZ9Z41N
Teleferic Barcelona (Los Angeles),,#4E114,3b2c6467-cc1c-4052-8305-c8710644e114,Delivery - Partner Using Uber App,Digital,UberEats iOS,Completed,2/7/26,12:11 PM,Uber One member,38,3.71,41.71,0,0,0,0,0,-5.48,-0.48,0,0,-0.99,0,0,36.23,-6.6,20,0,0,0,0,0,0,0,0,,0,0,-3.23,0,25.41,2/9/26,0,0,,7F9URJIZNZ9Z41N
Teleferic Barcelona (Los Angeles),,#A711F,3d8a13fc-ade5-4abf-ba41-e6af576a711f,Delivery - Partner Using Uber App,Digital,UberEats iOS,Completed,2/7/26,1:50 PM,Uber One member,194,18.92,212.92,0,0,0,0,0,-5.48,-0.48,0,0,-0.99,0,0,207.44,-37.8,20,0,0,0,0,0,0,0,0,,0,0,-18.44,0,150.21,2/9/26,0,0,,7F9URJIZNZ9Z41N
Teleferic Barcelona (Los Angeles),,#6BA7F,a83d54a2-90a2-4ca3-8426-81557916ba7f,Delivery - Partner Using Uber App,Digital,UberEats iOS,Completed,2/7/26,5:12 PM,Non-member,108,10.53,118.53,0,0,0,0,0,-10.98,-0.98,0,0,-0.99,0,0,107.55,-19.6,20,0,0,0,0,0,0,0,0,,0,0,-9.55,0,77.41,2/9/26,0,0,,7F9URJIZNZ9Z41N
Teleferic Barcelona (Los Angeles),,#F1503,910c2a21-202e-43e2-a162-3a95cddf1503,Delivery - Partner Using Uber App,Digital,UberEats iOS,Completed,2/7/26,5:04 PM,Non-member,45.5,4.44,49.94,0,0,0,0,0,0,0,0,0,0,0,0,49.94,-9.1,20,0,0,0,0,0,0,0,0,,0,0,-4.44,0,36.4,2/9/26,0,0,,7F9URJIZNZ9Z41N
Teleferic Barcelona (Los Angeles),,#98648,d63fa810-b816-4324-aac7-beb9aaa98648,Delivery - Partner Using Uber App,Digital,UberEats Web,Completed,2/7/26,6:27 PM,Uber One member,99,10.65,109.65,0,0,0,0,0,-11.07,-1.07,0,0,-0.99,0,0,98.58,-17.8,20,0,0,0,0,0,0,0,0,,0,0,-9.58,0,70.21,2/9/26,0,0,,7F9URJIZNZ9Z41N
Teleferic Barcelona (Los Angeles),,#B17DF,aec70183-7f06-4ab2-b416-384ffe7b17df,Delivery - Partner Using Uber App,Digital,UberEats iOS,Completed,2/7/26,7:12 PM,Non-member,29,2.84,31.84,0,0,0,0,0,0,0,0,0,0,0,0,31.84,-5.8,20,0,0,0,0,0,0,0,0,,0,0,-2.84,0,23.2,2/9/26,0,0,,7F9URJIZNZ9Z41N
Teleferic Barcelona (Los Angeles),,,,,,UberEats Unknown,,2/7/26,,,0,0,0,0,0,0,0,0,0,0,0,0,0,0,0,0,0,,0,0,0,0,0,0,0,0,Ad Spend,-7.5,0,0,0,-7.5,2/9/26,0,0,,7F9URJIZNZ9Z41N
Teleferic Barcelona (Los Angeles),,#72F43,00ebfab3-a624-48a8-907a-fd3ed6b72f43,Delivery - Partner Using Uber App,Digital,UberEats iOS,Completed,2/8/26,11:48 AM,Uber One member,256,24.96,280.96,0,0,0,0,0,-5.48,-0.48,0,0,-0.99,0,0,275.48,-50.2,20,0,0,0,0,0,0,0,0,,0,0,-24.48,0,199.81,2/9/26,0,0,,7F9URJIZNZ9Z41N
Teleferic Barcelona (Los Angeles),,#55246,f54df7ad-1164-414b-9968-5ea07d755246,Delivery - Partner Using Uber App,Digital,UberEats iOS,Completed,2/8/26,12:43 PM,Uber One member,114,11.12,125.12,0,0,0,0,0,-5.48,-0.48,0,0,-0.99,0,0,119.64,-21.8,20,0,0,0,0,0,0,0,0,,0,0,-10.64,0,86.21,2/9/26,0,0,,7F9URJIZNZ9Z41N
Teleferic Barcelona (Los Angeles),,#83896,e7271e5e-d7a2-479b-a8c7-3397e4e83896,Delivery - Partner Using Uber App,Digital,UberEats iOS,Completed,2/8/26,12:03 PM,Non-member,172,16.77,188.77,0,0,0,0,0,0,0,0,0,0,0,0,188.77,-34.4,20,0,0,0,0,0,0,0,0,Customer contribution,2,0,-16.77,0,139.6,2/9/26,0,0,,7F9URJIZNZ9Z41N
Teleferic Barcelona (Los Angeles),,#9A0F1,cecef0cf-fdbc-49be-ab4b-552f4869a0f1,Delivery - Partner Using Uber App,Digital,UberEats iOS,Completed,2/8/26,1:27 PM,Uber One member,86,9.27,95.27,0,0,0,0,0,-5.55,-0.55,0,0,-0.99,0,0,89.72,-16.2,20,0,0,0,0,0,0,0,0,,0,0,-8.72,0,63.81,2/9/26,0,0,,7F9URJIZNZ9Z41N
Teleferic Barcelona (Los Angeles),,#E31CB,75802b35-d663-41b9-be39-51503b8e31cb,Delivery - Partner Using Uber App,Digital,UberEats iOS,Completed,2/8/26,8:45 PM,Uber One member,31,3.34,34.34,0,0,0,0,0,0,0,0,0,0,0,0,34.34,-6.2,20,0,0,0,0,0,0,0,0,,0,0,-3.34,0,24.8,2/9/26,0,0,,7F9URJIZNZ9Z41N
Teleferic Barcelona (Los Gatos),,,,,,UberEats Unknown,,2/2/26,,,0,0,0,0,0,0,0,0,0,0,0,0,0,0,0,0,0,,0,0,0,0,0,0,0,0,Ad Spend,-40.5,0,0,0,-40.5,2/9/26,0,0,,SYTZLI9VTKB8MQF
Teleferic Barcelona (Los Gatos),,#35A7B,82ed13a5-6547-4c2e-bb9a-227a9d035a7b,Pickup,Digital,UberEats iOS,Completed,2/2/26,7:53 PM,Uber One member,68,6.29,74.29,0,0,0,0,0,-12.02,-1.02,0,0,0,0,0,62.27,-3.42,6,0,0,0,0,0,0,0,0,,0,0,-5.27,0,53.58,2/9/26,0,0,,SYTZLI9VTKB8MQF
Teleferic Barcelona (Los Gatos),,,,,,UberEats Unknown,,2/2/26,,,0,0,0,0,0,0,0,0,0,0,0,0,0,0,0,0,0,,0,0,0,0,0,0,0,0,Ad Spend,-28.35,0,0,0,-28.35,2/9/26,0,0,,SYTZLI9VTKB8MQF
Teleferic Barcelona (Los Gatos),,,,,,UberEats Unknown,,2/3/26,,,0,0,0,0,0,0,0,0,0,0,0,0,0,0,0,0,0,,0,0,0,0,0,0,0,0,Ad Spend,-0.9,0,0,0,-0.9,2/9/26,0,0,,SYTZLI9VTKB8MQF
Teleferic Barcelona (Los Gatos),,#3A7B1,f6a3540f-9935-48df-9308-714f3ca3a7b1,Pickup,Digital,UberEats Web,Completed,2/3/26,6:22 PM,Uber One member,58,5.37,63.37,0,0,0,0,0,-10.99,-0.99,0,0,-0.99,0,0,52.38,-2.88,6,0,0,0,0,0,0,0,0,,0,0,-4.38,0,44.13,2/9/26,0,0,,SYTZLI9VTKB8MQF
Teleferic Barcelona (Los Gatos),,#A6AA2,8f43fcbd-769c-42bf-93ae-417f815a6aa2,Pickup,Digital,UberEats iOS,Completed,2/3/26,8:31 PM,Non-member,43,3.98,46.98,0,0,0,0,0,0,0,0,0,0,0,0,46.98,-2.58,6,0,0,0,0,0,0,0,0,,0,0,-3.98,0,40.42,2/9/26,0,0,,SYTZLI9VTKB8MQF
Teleferic Barcelona (Los Gatos),,,,,,UberEats Unknown,,2/4/26,,,0,0,0,0,0,0,0,0,0,0,0,0,0,0,0,0,0,,0,0,0,0,0,0,0,0,Ad Spend,-16.32,0,0,0,-16.32,2/9/26,0,0,,SYTZLI9VTKB8MQF
Teleferic Barcelona (Los Gatos),,#440D5,0a2a83f8-5ce6-4f10-8eb8-c201e10440d5,Delivery - Partner Using Uber App,Digital,UberEats iOS,Completed,2/4/26,11:46 AM,Non-member,25,2.29,27.29,0,0,0,0,0,0,0,0,0,0,0,0,27.29,-5,20,0,0,0,0,0,0,0,0,,0,0,-2.29,0,20,2/9/26,0,0,,SYTZLI9VTKB8MQF
Teleferic Barcelona (Los Gatos),,#16154,f9797dca-a98e-44a9-bfe6-5e9912816154,Delivery - Partner Using Uber App,Digital,UberEats iOS,Completed,2/4/26,12:18 PM,Uber One member,66,6.19,72.19,0,0,0,0,0,0,0,0,0,0,0,0,72.19,-13.2,20,0,0,0,0,0,0,0,0,,0,0,-6.19,0,52.8,2/9/26,0,0,,SYTZLI9VTKB8MQF
Teleferic Barcelona (Los Gatos),,,,,,UberEats Unknown,,2/4/26,,,0,0,0,0,0,0,0,0,0,0,0,0,0,0,0,0,0,,0,0,0,0,0,0,0,0,Ad Spend,-0.92,0,0,0,-0.92,2/9/26,0,0,,SYTZLI9VTKB8MQF
Teleferic Barcelona (Los Gatos),,#32A60,7369ca55-bf63-4f7c-91b3-784415632a60,Delivery - Partner Using Uber App,Digital,UberEats iOS,Completed,2/5/26,11:35 AM,Non-member,58,5.29,63.29,0,0,0,0,0,-5.45,-0.45,0,0,-0.99,0,0,57.84,-10.6,20,0,0,0,0,0,0,0,0,,0,0,-4.84,0,41.41,2/9/26,0,0,,SYTZLI9VTKB8MQF
Teleferic Barcelona (Los Gatos),,,,,,UberEats Unknown,,2/5/26,,,0,0,0,0,0,0,0,0,0,0,0,0,0,0,0,0,0,,0,0,0,0,0,0,0,0,Ad Spend,-2.08,0,0,0,-2.08,2/9/26,0,0,,SYTZLI9VTKB8MQF
Teleferic Barcelona (Los Gatos),,#18113,e3027574-244f-46b4-942d-601d3bd18113,Delivery - Partner Using Uber App,Digital,UberEats iOS,Completed,2/6/26,3:05 PM,Uber One member,36,3.38,39.38,0,0,0,0,0,-5.47,-0.47,0,0,-0.99,0,0,33.91,-6.2,20,0,0,0,0,0,0,0,0,,0,0,-2.91,0,23.81,2/9/26,0,0,,SYTZLI9VTKB8MQF
Teleferic Barcelona (Los Gatos),,#D3A60,5340c1e1-ea23-4586-96a7-691c110d3a60,Delivery - Partner Using Uber App,Digital,UberEats iOS,Completed,2/6/26,5:29 PM,Uber One member,112,11.06,123.06,0,0,0,0,0,-10.98,-0.98,0,0,-0.99,0,0,112.08,-20.4,20,0,0,0,0,0,0,0,0,,0,0,-10.08,0,80.61,2/9/26,0,0,,SYTZLI9VTKB8MQF
Teleferic Barcelona (Los Gatos),,#20AA5,dfe30462-88c7-4398-b98a-862f1fa20aa5,Delivery - Partner Using Uber App,Digital,UberEats iOS,Completed,2/6/26,5:46 PM,Uber One member,88,8.25,96.25,0,0,0,0,0,-10.93,-0.93,0,0,-0.99,0,0,85.32,-15.6,20,0,0,0,0,0,0,0,0,,0,0,-7.32,0,61.41,2/9/26,0,0,,SYTZLI9VTKB8MQF
Teleferic Barcelona (Los Gatos),,#8D803,9eb42bc8-44f1-4153-9cd9-ebcf92a8d803,Delivery - Partner Using Uber App,Digital,UberEats iOS,Completed,2/6/26,6:33 PM,Uber One member,50,4.56,54.56,0,0,0,0,0,-10.91,-0.91,0,0,-0.99,0,0,43.65,-8,20,0,0,0,0,0,0,0,0,,0,0,-3.65,0,31.01,2/9/26,0,0,,SYTZLI9VTKB8MQF
Teleferic Barcelona (Los Gatos),,#41CE0,854df3a1-d9c0-42fc-bcf9-ab861be41ce0,Delivery - Partner Using Uber App,Digital,UberEats iOS,Completed,2/6/26,8:11 PM,Uber One member,30,2.82,32.82,0,0,0,0,0,0,0,0,0,0,0,0,32.82,-6,20,0,0,0,0,0,0,0,0,,0,0,-2.82,0,24,2/9/26,0,0,,SYTZLI9VTKB8MQF
Teleferic Barcelona (Los Gatos),,,,,,UberEats Unknown,,2/7/26,,,0,0,0,0,0,0,0,0,0,0,0,0,0,0,0,0,0,,0,0,0,0,0,0,0,0,Ad Spend,-7.5,0,0,0,-7.5,2/9/26,0,0,,SYTZLI9VTKB8MQF
Teleferic Barcelona (Los Gatos),,#978C4,5758dcc5-bc95-4efd-95ab-b64e061978c4,Delivery - Partner Using Uber App,Digital,UberEats iOS,Completed,2/7/26,11:13 AM,Uber One member,64,6,70,0,0,0,0,0,-5.46,-0.46,0,0,-0.99,0,0,64.54,-11.8,20,0,0,0,0,0,0,0,0,,0,0,-5.54,0,46.21,2/9/26,0,0,,SYTZLI9VTKB8MQF
Teleferic Barcelona (Los Gatos),,#EE678,e4a3c30d-f20d-4b01-909f-54b205bee678,Pickup,Unknown,UberEats iOS,Completed,2/7/26,11:32 AM,Non-member,32,2.96,34.96,0,0,0,0,0,-5.46,-0.46,0,0,-0.99,0,0,29.5,-1.62,6,0,0,0,0,0,0,0,0,,0,0,-2.5,0,24.39,2/9/26,0,0,,SYTZLI9VTKB8MQF
Teleferic Barcelona (Los Gatos),,#E3B1C,ccb32fad-71a2-4b35-9b50-cd7c951e3b1c,Delivery - Partner Using Uber App,Digital,UberEats iOS,Completed,2/7/26,12:18 PM,Uber One member,58,5.44,63.44,0,0,0,0,0,-5.46,-0.46,0,0,-0.99,0,0,57.98,-10.6,20,0,0,0,0,0,0,0,0,,0,0,-4.98,0,41.41,2/9/26,0,0,,SYTZLI9VTKB8MQF
Teleferic Barcelona (Los Gatos),,#3C80A,b0b21e9f-17d1-49d7-b710-e2964483c80a,Pickup,Digital,UberEats iOS,Completed,2/7/26,5:47 PM,Uber One member,75,6.94,81.94,0,0,0,0,0,-10.93,-0.93,0,0,-0.99,0,0,71.01,-3.9,6,0,0,0,0,0,0,0,0,,0,0,-6.01,0,60.11,2/9/26,0,0,,SYTZLI9VTKB8MQF
Teleferic Barcelona (Los Gatos),,#E0C93,dfe7e71c-8f6f-46cd-9653-96ae6afe0c93,Delivery - Partner Using Uber App,Digital,UberEats iOS,Completed,2/7/26,6:25 PM,Uber One member,56,5.25,61.25,0,0,0,0,0,-10.93,-0.93,0,0,-0.99,0,0,50.32,-9.2,20,0,0,0,0,0,0,0,0,,0,0,-4.32,0,35.81,2/9/26,0,0,,SYTZLI9VTKB8MQF
Teleferic Barcelona (Los Gatos),,,,,,UberEats Unknown,,2/8/26,,,0,0,0,0,0,0,0,0,0,0,0,0,0,0,0,0,0,,0,0,0,0,0,0,0,0,Ad Spend,-7.5,0,0,0,-7.5,2/9/26,0,0,,SYTZLI9VTKB8MQF
Teleferic Barcelona (Long Beach),,,,,,UberEats Unknown,,2/2/26,,,0,0,0,0,0,0,0,0,0,0,0,0,0,0,0,0,0,,0,0,0,0,0,0,0,0,Ad Spend,-22.45,0,0,0,-22.45,2/2/26,0,0,,DCD5Q8C1CXGLLBK
Teleferic Barcelona (Long Beach),,,,,,UberEats Unknown,,2/2/26,,,0,0,0,0,0,0,0,0,0,0,0,0,0,0,0,0,0,,0,0,0,0,0,0,0,0,Ad Spend,-10.9,0,0,0,-10.9,2/9/26,0,0,,YLLYUAC3E4YXOD7
Teleferic Barcelona (Long Beach),,,,,,UberEats Unknown,,2/2/26,,,0,0,0,0,0,0,0,0,0,0,0,0,0,0,0,0,0,,0,0,0,0,0,0,0,0,Ad Spend,-9.13,0,0,0,-9.13,2/9/26,0,0,,YLLYUAC3E4YXOD7
Teleferic Barcelona (Long Beach),,,,,,UberEats Unknown,,2/3/26,,,0,0,0,0,0,0,0,0,0,0,0,0,0,0,0,0,0,,0,0,0,0,0,0,0,0,Ad Spend,-1.77,0,0,0,-1.77,2/9/26,0,0,,YLLYUAC3E4YXOD7
Teleferic Barcelona (Long Beach),,,,,,UberEats Unknown,,2/4/26,,,0,0,0,0,0,0,0,0,0,0,0,0,0,0,0,0,0,,0,0,0,0,0,0,0,0,Ad Spend,-2.75,0,0,0,-2.75,2/9/26,0,0,,YLLYUAC3E4YXOD7
Teleferic Barcelona (Long Beach),,,,,,UberEats Unknown,,2/4/26,,,0,0,0,0,0,0,0,0,0,0,0,0,0,0,0,0,0,,0,0,0,0,0,0,0,0,Ad Spend,-2.73,0,0,0,-2.73,2/9/26,0,0,,YLLYUAC3E4YXOD7
Teleferic Barcelona (Long Beach),,#ACBDB,237b124f-9407-40c1-b812-8bd5b0eacbdb,Delivery - Partner Using Uber App,Digital,UberEats Web,Completed,2/5/26,7:39 PM,Uber One member,34,3.58,37.58,0,0,0,0,0,0,0,0,0,0,0,0,37.58,-5.1,15,0,0,0,0,0,0,0,0,,0,0,-3.58,0,28.9,2/9/26,0,0,,YLLYUAC3E4YXOD7
Teleferic Barcelona (Long Beach),,#5E520,94e772ec-ba48-4894-8390-f50ad475e520,Delivery - Partner Using Uber App,Digital,UberEats Android,Completed,2/6/26,4:53 PM,Uber One member,187,19.18,206.18,0,0,0,0,0,-5.52,-0.52,0,0,-0.99,0,0,200.66,-27.3,15,0,0,0,0,0,0,0,0,,0,0,-18.66,0,153.71,2/9/26,0,0,,YLLYUAC3E4YXOD7
Teleferic Barcelona (Long Beach),,,,,,UberEats Unknown,,2/6/26,,,0,0,0,0,0,0,0,0,0,0,0,0,0,0,0,0,0,,0,0,0,0,0,0,0,0,Ad Spend,-0.59,0,0,0,-0.59,2/9/26,0,0,,YLLYUAC3E4YXOD7
Teleferic Barcelona (Long Beach),,#C5703,0cd64bb1-9457-4f26-9440-0a90384c5703,Delivery - Partner Using Uber App,Unknown,UberEats iOS,Completed,2/7/26,5:19 PM,Uber One member,57,4.42,61.42,0,0,0,0,0,-10.77,-0.77,0,0,-0.99,0,0,50.65,-7.05,15,0,0,0,0,0,0,0,0,,0,0,-3.65,0,38.96,2/9/26,0,0,,YLLYUAC3E4YXOD7
Teleferic Barcelona (Long Beach),,,,,,UberEats Unknown,,2/7/26,,,0,0,0,0,0,0,0,0,0,0,0,0,0,0,0,0,0,,0,0,0,0,0,0,0,0,Ad Spend,-0.5,0,0,0,-0.5,2/9/26,0,0,,YLLYUAC3E4YXOD7
Teleferic Barcelona (Long Beach),,,,,,UberEats Unknown,,2/8/26,,,0,0,0,0,0,0,0,0,0,0,0,0,0,0,0,0,0,,0,0,0,0,0,0,0,0,Ad Spend,-0.48,0,0,0,-0.48,2/9/26,0,0,,YLLYUAC3E4YXOD7
Teleferic Barcelona (Long Beach),,#BDE82,d3c07e4a-4431-4de6-b343-24326eebde82,Delivery - Partner Using Uber App,Unknown,UberEats iOS,Completed,2/8/26,1:29 PM,Uber One member,117,12.29,129.29,0,0,0,0,0,0,0,0,0,0,0,0,129.29,-17.55,15,0,0,0,0,0,0,0,0,,0,0,-12.29,0,99.45,2/9/26,0,0,,YLLYUAC3E4YXOD7
Teleferic Barcelona (Walnut Creek),,#9C8BE,defbc070-a57c-415c-b948-74c5a879c8be,Delivery - Partner Using Uber App,Digital,UberEats iOS,Completed,2/2/26,3:22 PM,Uber One member,26,2.67,28.67,0,0,0,0,0,-5.75,-0.55,0,0,-0.99,0,0,22.92,-4.16,20,0,0,0,0,0,0,0,0,,0,0,-2.12,0,15.65,2/9/26,0,0,,7PZRG54UBUDCZKQ
Teleferic Barcelona (Walnut Creek),,#DA10A,9e26b9c2-b6dd-4992-90fe-3fdbf38da10a,Delivery - Partner Using Uber App,Digital,UberEats Android,Completed,2/2/26,6:44 PM,Uber One member,54,5,59,0,0,0,0,0,-11.8,-1,0,0,-0.99,0,0,47.2,-8.64,20,0,0,0,0,0,0,0,0,,0,0,-4,0,33.57,2/9/26,0,0,,7PZRG54UBUDCZKQ
Teleferic Barcelona (Walnut Creek),,#B397D,b9b30a53-5fab-4890-8900-43db2a7b397d,Delivery - Partner Using Uber App,Digital,UberEats iOS,Completed,2/2/26,9:05 PM,Non-member,27,2.5,29.5,0,0,0,0,0,-8.86,-0.76,0,0,-0.99,0,0,20.64,-3.78,20,0,0,0,0,0,0,0,0,,0,0,-1.74,0,14.13,2/9/26,0,0,,7PZRG54UBUDCZKQ
Teleferic Barcelona (Walnut Creek),,,,,,UberEats Unknown,,2/2/26,,,0,0,0,0,0,0,0,0,0,0,0,0,0,0,0,0,0,,0,0,0,0,0,0,0,0,Ad Spend,-17.69,0,0,0,-17.69,2/9/26,0,0,,7PZRG54UBUDCZKQ
Teleferic Barcelona (Walnut Creek),,#89573,e6fb8e77-94e0-4e85-8cfd-a3c2aad89573,Delivery - Partner Using Uber App,Digital,UberEats iOS,Completed,2/3/26,7:25 PM,Uber One member,37,3.43,40.43,0,0,0,0,0,0,0,0,0,0,0,0,40.43,-7.4,20,0,0,0,0,0,0,0,0,,0,0,-3.43,0,29.6,2/9/26,0,0,,7PZRG54UBUDCZKQ
Teleferic Barcelona (Walnut Creek),,,,,,UberEats Unknown,,2/4/26,,,0,0,0,0,0,0,0,0,0,0,0,0,0,0,0,0,0,,0,0,0,0,0,0,0,0,Ad Spend,-12.41,0,0,0,-12.41,2/9/26,0,0,,7PZRG54UBUDCZKQ
Teleferic Barcelona (Walnut Creek),,,,,,UberEats Unknown,,2/4/26,,,0,0,0,0,0,0,0,0,0,0,0,0,0,0,0,0,0,,0,0,0,0,0,0,0,0,Ad Spend,-2.62,0,0,0,-2.62,2/9/26,0,0,,7PZRG54UBUDCZKQ
Teleferic Barcelona (Walnut Creek),,,,,,UberEats Unknown,,2/6/26,,,0,0,0,0,0,0,0,0,0,0,0,0,0,0,0,0,0,,0,0,0,0,0,0,0,0,Ad Spend,-1.66,0,0,0,-1.66,2/9/26,0,0,,7PZRG54UBUDCZKQ
Teleferic Barcelona (Walnut Creek),,#2BFA5,0e33d870-3cb7-4000-a23f-826a32e2bfa5,Delivery - Partner Using Uber App,Digital,Postmates iOS,Completed,2/6/26,5:19 PM,Non-member,84,8.61,92.61,0,0,0,0,0,-11.02,-1.02,0,0,-0.99,0,0,81.59,-17.76,24,0,0,0,0,0,0,0,0,,0,0,-7.59,0,55.25,2/9/26,0,0,,7PZRG54UBUDCZKQ
Teleferic Barcelona (Walnut Creek),,,,,,UberEats Unknown,,2/7/26,,,0,0,0,0,0,0,0,0,0,0,0,0,0,0,0,0,0,,0,0,0,0,0,0,0,0,Ad Spend,-0.93,0,0,0,-0.93,2/9/26,0,0,,7PZRG54UBUDCZKQ
Teleferic Barcelona (Walnut Creek),,#63E48,33fdd9ee-7a5f-4dcb-a9ff-496f27363e48,Delivery - Partner Using Uber App,Digital,UberEats iOS,Completed,2/7/26,8:34 PM,Non-member,77,7.42,84.42,0,0,0,0,0,-10.96,-0.96,0,0,-0.99,0,0,73.46,-13.4,20,0,0,0,0,0,0,0,0,,0,0,-6.46,0,52.61,2/9/26,0,0,,7PZRG54UBUDCZKQ
Teleferic Barcelona (Walnut Creek),,#63E48,33fdd9ee-7a5f-4dcb-a9ff-496f27363e48,Delivery - Partner Using Uber App,Digital,UberEats Unknown,Refund,2/7/26,8:34 PM,Non-member,0,0,0,-24.36,-2.34,-26.7,0,0,0,0,0,0,0,0,0,0,0,,0,0,0,0,0,0,0,0,,0,0,2.34,0,-24.36,2/9/26,0,0,,7PZRG54UBUDCZKQ
Teleferic Barcelona (Walnut Creek),,,,,,UberEats Unknown,,2/7/26,,,0,0,0,0,0,0,0,0,0,0,0,0,0,0,0,0,0,,0,0,0,0,0,0,0,0,Ad Spend,-2.16,0,0,0,-2.16,2/9/26,0,0,,7PZRG54UBUDCZKQ
Teleferic Barcelona (Walnut Creek),,#3A931,f2255af7-6674-4ce5-923c-601bc423a931,Delivery - Partner Using Uber App,Digital,UberEats iOS,Completed,2/8/26,12:55 PM,Non-member,40,3.85,43.85,0,0,0,0,0,-5.48,-0.48,0,0,-0.99,0,0,38.37,-7,20,0,0,0,0,0,0,0,0,,0,0,-3.37,0,27.01,2/9/26,0,0,,7PZRG54UBUDCZKQ
Teleferic Barcelona (Walnut Creek),,#7EE9B,b33e1325-0c8d-498e-9139-736b3077ee9b,Delivery - Partner Using Uber App,Digital,UberEats iOS,Completed,2/8/26,4:49 PM,Uber One member,43,4.52,47.52,0,0,0,0,0,-5.52,-0.52,0,0,-0.99,0,0,42,-7.6,20,0,0,0,0,0,0,0,0,,0,0,-4,0,29.41,2/9/26,0,0,,7PZRG54UBUDCZKQ
Teleferic Barcelona (Walnut Creek),,,,,,UberEats Unknown,,2/8/26,,,0,0,0,0,0,0,0,0,0,0,0,0,0,0,0,0,0,,0,0,0,0,0,0,0,0,Ad Spend,-2.69,0,0,0,-2.69,2/9/26,0,0,,7PZRG54UBUDCZKQ
Teleferic Barcelona (Palo Alto),,,,,,UberEats Unknown,,2/2/26,,,0,0,0,0,0,0,0,0,0,0,0,0,0,0,0,0,0,,0,0,0,0,0,0,0,0,Ad Spend,-4.5,0,0,0,-4.5,2/2/26,0,0,,JGDQ5I0JLJ6DCJ3
Teleferic Barcelona (Palo Alto),,,,,,UberEats Unknown,,2/2/26,,,0,0,0,0,0,0,0,0,0,0,0,0,0,0,0,0,0,,0,0,0,0,0,0,0,0,Ad Spend,-20.43,0,0,0,-20.43,2/9/26,0,0,,CNN3SBHO90VISCQ
Teleferic Barcelona (Palo Alto),,#87600,b663cf57-0594-40de-9d19-48fc13787600,Delivery - Partner Using Uber App,Digital,UberEats iOS,Completed,2/2/26,6:09 PM,Uber One member,77,7.03,84.03,0,0,0,0,0,0,0,-0.49,0,0,0,0,84.03,-15.4,20,0,0,0,0,0,0,0,0,,0,0,-7.03,0,61.11,2/9/26,0,0,,CNN3SBHO90VISCQ
Teleferic Barcelona (Palo Alto),,#53698,f9a6dc46-20ea-4a20-975d-9110b4d53698,Pickup,Digital,UberEats iOS,Completed,2/2/26,6:48 PM,Uber One member,46,4.2,50.2,0,0,0,0,0,0,0,0,0,0,0,0,50.2,-2.76,6,0,0,0,0,0,0,0,0,,0,0,-4.2,0,43.24,2/9/26,0,0,,CNN3SBHO90VISCQ
Teleferic Barcelona (Palo Alto),,#C9B61,c7ad4376-3981-4c7e-91ac-ccb7acec9b61,Pickup,Digital,UberEats iOS,Completed,2/2/26,5:57 PM,Uber One member,90,8.21,98.21,0,0,0,0,0,0,0,0,0,0,0,0,98.21,-5.4,6,0,0,0,0,0,0,0,0,,0,0,-8.21,0,84.6,2/9/26,0,0,,CNN3SBHO90VISCQ
Teleferic Barcelona (Palo Alto),,#26C8A,9b9dfd65-434d-42b2-aa7c-6dd36da26c8a,Delivery - Partner Using Uber App,Digital,UberEats iOS,Completed,2/2/26,7:04 PM,Uber One member,76,6.94,82.94,0,0,0,0,0,0,0,0,0,0,0,0,82.94,-15.2,20,0,0,0,0,0,0,0,0,,0,0,-6.94,0,60.8,2/9/26,0,0,,CNN3SBHO90VISCQ
Teleferic Barcelona (Palo Alto),,#DEB77,27179bf1-afc9-49a9-bcd1-13adea6deb77,Delivery - Partner Using Uber App,Digital,UberEats iOS,Completed,2/2/26,9:06 PM,Uber One member,36,3.29,39.29,0,0,0,0,0,0,0,0,0,0,0,0,39.29,-7.2,20,0,0,0,0,0,0,0,0,,0,0,-3.29,0,28.8,2/9/26,0,0,,CNN3SBHO90VISCQ
Teleferic Barcelona (Palo Alto),,,,,,UberEats Unknown,,2/2/26,,,0,0,0,0,0,0,0,0,0,0,0,0,0,0,0,0,0,,0,0,0,0,0,0,0,0,Ad Spend,-22.26,0,0,0,-22.26,2/9/26,0,0,,CNN3SBHO90VISCQ
Teleferic Barcelona (Palo Alto),,,,,,UberEats Unknown,,2/2/26,,,0,0,0,0,0,0,0,0,0,0,0,0,0,0,0,0,0,,0,0,0,0,0,0,0,0,Ad Spend,-1.33,0,0,0,-1.33,2/9/26,0,0,,CNN3SBHO90VISCQ
Teleferic Barcelona (Palo Alto),,#B33B9,8a7354a2-2252-4619-a4e4-c6586b8b33b9,Delivery - Partner Using Uber App,Digital,UberEats iOS,Completed,2/3/26,5:24 PM,Uber One member,60,5.63,65.63,0,0,0,0,0,-10.94,-0.94,0,0,-0.99,0,0,54.69,-10,20,0,0,0,0,0,0,0,0,,0,0,-4.69,0,39.01,2/9/26,0,0,,CNN3SBHO90VISCQ
Teleferic Barcelona (Palo Alto),,#DFAD5,26a5b0c9-09a1-41c4-a281-5ce7937dfad5,Delivery - Partner Using Uber App,Digital,UberEats iOS,Completed,2/3/26,6:53 PM,Uber One member,50,4.56,54.56,0,0,0,0,0,-10.91,-0.91,0,0,-0.99,0,0,43.65,-8,20,0,0,0,0,0,0,0,0,,0,0,-3.65,0,31.01,2/9/26,0,0,,CNN3SBHO90VISCQ
Teleferic Barcelona (Palo Alto),,,,,,UberEats Unknown,,2/4/26,,,0,0,0,0,0,0,0,0,0,0,0,0,0,0,0,0,0,,0,0,0,0,0,0,0,0,Ad Spend,-23.63,0,0,0,-23.63,2/9/26,0,0,,CNN3SBHO90VISCQ
Teleferic Barcelona (Palo Alto),,,,,,UberEats Unknown,,2/4/26,,,0,0,0,0,0,0,0,0,0,0,0,0,0,0,0,0,0,,0,0,0,0,0,0,0,0,Ad Spend,-1.05,0,0,0,-1.05,2/9/26,0,0,,CNN3SBHO90VISCQ
Teleferic Barcelona (Palo Alto),,#8393B,65e2ec43-59fc-4a04-bf46-19d472c8393b,Pickup,Digital,Postmates iOS,Completed,2/4/26,1:38 PM,Non-member,38,3.47,41.47,0,0,0,0,0,-5.46,-0.46,0,0,-0.99,0,0,36.01,-1.98,6,0,0,0,0,0,0,0,0,,0,0,-3.01,0,30.03,2/9/26,0,0,,CNN3SBHO90VISCQ
Teleferic Barcelona (Palo Alto),,#AE939,c155d2ac-bc59-4342-ad8a-080f892ae939,Pickup,Digital,UberEats iOS,Completed,2/4/26,4:58 PM,Non-member,95,8.67,103.67,0,0,0,0,0,-5.46,-0.46,0,0,-0.99,0,0,98.21,-5.4,6,0,0,0,0,0,0,0,0,,0,0,-8.21,0,83.61,2/9/26,0,0,,CNN3SBHO90VISCQ
Teleferic Barcelona (Palo Alto),,,,,,UberEats Unknown,,2/5/26,,,0,0,0,0,0,0,0,0,0,0,0,0,0,0,0,0,0,,0,0,0,0,0,0,0,0,Ad Spend,-2.06,0,0,0,-2.06,2/9/26,0,0,,CNN3SBHO90VISCQ
Teleferic Barcelona (Palo Alto),,#46B05,738ab6b1-efd1-4763-841d-37d78c946b05,Delivery - Partner Using Uber App,Digital,UberEats iOS,Completed,2/5/26,3:29 PM,Uber One member,34,3.1,37.1,0,0,0,0,0,-5.45,-0.45,0,0,-0.99,0,0,31.65,-5.8,20,0,0,0,0,0,0,0,0,,0,0,-2.65,0,22.21,2/9/26,0,0,,CNN3SBHO90VISCQ
Teleferic Barcelona (Palo Alto),,#CA062,cef66795-e4d6-4469-99b2-bdb6c58ca062,Delivery - Partner Using Uber App,Digital,UberEats iOS,Completed,2/5/26,5:34 PM,Uber One member,28,2.63,30.63,0,0,0,0,0,0,0,0,0,0,0,0,30.63,-5.6,20,0,0,0,0,0,0,0,0,,0,0,-2.63,0,22.4,2/9/26,0,0,,CNN3SBHO90VISCQ
Teleferic Barcelona (Palo Alto),,#F0CDB,c09c1e0d-1aeb-44e8-bd6b-c927a75f0cdb,Delivery - Partner Using Uber App,Digital,UberEats iOS,Completed,2/5/26,5:41 PM,Uber One member,41,3.75,44.75,0,0,0,0,0,0,0,0,0,0,0,0,44.75,-8.2,20,0,0,0,0,0,0,0,0,,0,0,-3.75,0,32.8,2/9/26,0,0,,CNN3SBHO90VISCQ
Teleferic Barcelona (Palo Alto),,#5E560,58ff7533-fa8a-44e3-8cd2-9f172455e560,Delivery - Partner Using Uber App,Digital,UberEats Android,Completed,2/5/26,6:23 PM,Uber One member,34,3.19,37.19,0,0,0,0,0,0,0,0,0,0,0,0,37.19,-6.8,20,0,0,0,0,0,0,0,0,,0,0,-3.19,0,27.2,2/9/26,0,0,,CNN3SBHO90VISCQ
Teleferic Barcelona (Palo Alto),,#23E23,e8477234-0748-49bc-a0e7-340633423e23,Delivery - Partner Using Uber App,Digital,UberEats iOS,Completed,2/5/26,7:15 PM,Uber One member,200,19.75,219.75,0,0,0,0,0,-10.99,-0.99,0,0,-0.99,0,0,208.76,-38,20,0,0,0,0,0,0,0,0,,0,0,-18.76,0,151.01,2/9/26,0,0,,CNN3SBHO90VISCQ
Teleferic Barcelona (Palo Alto),,,,,,UberEats Unknown,,2/5/26,,,0,0,0,0,0,0,0,0,0,0,0,0,0,0,0,0,0,,0,0,0,0,0,0,0,0,Ad Spend,-4.72,0,0,0,-4.72,2/9/26,0,0,,CNN3SBHO90VISCQ
Teleferic Barcelona (Palo Alto),,#0DBD8,ea2be8e2-e5d7-46a7-925f-75ea0440dbd8,Delivery - Partner Using Uber App,Digital,UberEats iOS,Completed,2/6/26,2:43 PM,Uber One member,59,5.39,64.39,0,0,0,0,0,-5.46,-0.46,0,0,-0.99,0,0,58.93,-10.8,20,0,0,0,0,0,0,0,0,,0,0,-4.93,0,42.21,2/9/26,0,0,,CNN3SBHO90VISCQ
Teleferic Barcelona (Palo Alto),,#DA208,836f17ac-748a-47a0-878b-540273ada208,Delivery - Partner Using Uber App,Digital,UberEats iOS,Completed,2/6/26,4:40 PM,Uber One member,50,4.59,54.59,0,0,0,0,0,-5.48,-0.48,0,0,-0.99,0,0,49.11,-9,20,0,0,0,0,0,0,0,0,,0,0,-4.11,0,35.01,2/9/26,0,0,,CNN3SBHO90VISCQ
Teleferic Barcelona (Palo Alto),,#02DC1,58fa06b0-82f4-458f-8439-245324e02dc1,Delivery - Partner Using Uber App,Digital,UberEats iOS,Completed,2/6/26,5:30 PM,Non-member,159,14.91,173.91,0,0,0,0,0,-10.94,-0.94,0,0,-0.99,0,0,162.97,-29.8,20,0,0,0,0,0,0,0,0,,0,0,-13.97,0,118.21,2/9/26,0,0,,CNN3SBHO90VISCQ
Teleferic Barcelona (Palo Alto),,#98427,e5541c3d-4b5c-4a5a-b8a9-6abd34e98427,Delivery - Partner Using Uber App,Digital,UberEats iOS,Completed,2/6/26,8:43 PM,Uber One member,32,2.92,34.92,0,0,0,0,0,0,0,0,0,0,0,0,34.92,-6.4,20,0,0,0,0,0,0,0,0,,0,0,-2.92,0,25.6,2/9/26,0,0,,CNN3SBHO90VISCQ
Teleferic Barcelona (Palo Alto),,#CFA44,95269bde-f1d6-49af-a130-a6466aacfa44,Pickup,Digital,UberEats iOS,Completed,2/6/26,9:17 PM,Non-member,52,4.75,56.75,0,0,0,0,0,-10.92,-0.92,0,0,-0.99,0,0,45.83,-2.52,6,0,0,0,0,0,0,0,0,,0,0,-3.83,0,38.49,2/9/26,0,0,,CNN3SBHO90VISCQ
Teleferic Barcelona (Palo Alto),,,,,,UberEats Unknown,,2/7/26,,,0,0,0,0,0,0,0,0,0,0,0,0,0,0,0,0,0,,0,0,0,0,0,0,0,0,Ad Spend,-1.12,0,0,0,-1.12,2/9/26,0,0,,CNN3SBHO90VISCQ
Teleferic Barcelona (Palo Alto),,,,,,UberEats Unknown,,2/7/26,,,0,0,0,0,0,0,0,0,0,0,0,0,0,0,0,0,0,,0,0,0,0,0,0,0,0,Ad Spend,-3.7,0,0,0,-3.7,2/9/26,0,0,,CNN3SBHO90VISCQ
Teleferic Barcelona (Palo Alto),,#ED242,560962a3-dc8c-4ef8-9268-97d6d0fed242,Delivery - Partner Using Uber App,Digital,UberEats iOS,Completed,2/7/26,5:14 PM,Uber One member,86,7.86,93.86,0,0,0,0,0,0,0,0,0,0,0,0,93.86,-17.2,20,0,0,0,0,0,0,0,0,,0,0,-7.86,0,68.8,2/9/26,0,0,,CNN3SBHO90VISCQ
Teleferic Barcelona (Palo Alto),,#06528,0413e14a-69ea-4bb4-af6f-409d92006528,Pickup,Digital,UberEats iOS,Completed,2/7/26,5:49 PM,Uber One member,55,5.02,60.02,0,0,0,0,0,-10.91,-0.91,0,0,-0.99,0,0,49.11,-2.7,6,0,0,0,0,0,0,0,0,,0,0,-4.11,0,41.31,2/9/26,0,0,,CNN3SBHO90VISCQ
Teleferic Barcelona (Palo Alto),,#65A1D,4c39fcda-5a9b-4fa9-abde-1328a9665a1d,Delivery - Partner Using Uber App,Digital,UberEats iOS,Completed,2/7/26,6:29 PM,Uber One member,74,6.75,80.75,0,0,0,0,0,-5.45,-0.45,0,0,-0.99,0,0,75.3,-13.8,20,0,0,0,0,0,0,0,0,,0,0,-6.3,0,54.21,2/9/26,0,0,,CNN3SBHO90VISCQ
Teleferic Barcelona (Palo Alto),,#DADA4,02719b2e-d334-4ce8-ad4b-7cb4c61dada4,Delivery - Partner Using Uber App,Digital,UberEats iOS,Completed,2/7/26,5:45 PM,Non-member,275,25.79,300.79,0,0,0,0,0,-10.94,-0.94,0,0,-0.99,0,0,289.85,-53,20,0,0,0,0,0,0,0,0,,0,0,-24.85,0,211.01,2/9/26,0,0,,CNN3SBHO90VISCQ
Teleferic Barcelona (Palo Alto),,#76171,0f622ba1-94ad-4885-b6bc-538def176171,Pickup,Digital,UberEats Android,Completed,2/7/26,5:58 PM,Uber One member,68,6.21,74.21,0,0,0,0,0,-10.91,-0.91,0,0,-0.99,0,0,63.3,-3.48,6,0,0,0,0,0,0,0,0,,0,0,-5.3,0,53.53,2/9/26,0,0,,CNN3SBHO90VISCQ
Teleferic Barcelona (Palo Alto),,#407CC,d7d406e1-4853-4991-9aeb-d0e6dd9407cc,Delivery - Partner Using Uber App,Digital,UberEats Android,Completed,2/7/26,6:33 PM,Uber One member,164,16.2,180.2,0,0,0,0,0,-10.99,-0.99,0,0,-0.99,0,0,169.21,-30.8,20,0,0,0,0,0,0,0,0,,0,0,-15.21,0,122.21,2/9/26,0,0,,CNN3SBHO90VISCQ
Teleferic Barcelona (Palo Alto),,#51ED3,e18c2e3a-9662-4749-a4e1-8ae9bc151ed3,Delivery - Partner Using Uber App,Digital,UberEats iOS,Completed,2/7/26,7:04 PM,Uber One member,83,7.79,90.79,0,0,0,0,0,-10.94,-0.94,0,0,-0.99,0,0,79.85,-14.6,20,0,0,0,0,0,0,0,0,,0,0,-6.85,0,57.41,2/9/26,0,0,,CNN3SBHO90VISCQ
Teleferic Barcelona (Palo Alto),,,,,,UberEats Unknown,,2/7/26,,,0,0,0,0,0,0,0,0,0,0,0,0,0,0,0,0,0,,0,0,0,0,0,0,0,0,Ad Spend,-7.43,0,0,0,-7.43,2/9/26,0,0,,CNN3SBHO90VISCQ
Teleferic Barcelona (Palo Alto),,#1F6BA,6f5d6d11-8adf-4cd9-9542-1bad6131f6ba,Delivery - Partner Using Uber App,Digital,UberEats iOS,Completed,2/8/26,3:18 PM,Uber One member,53,4.84,57.84,0,0,0,0,0,-5.46,-0.46,0,0,-0.99,0,0,52.38,-9.6,20,0,0,0,0,0,0,0,0,,0,0,-4.38,0,37.41,2/9/26,0,0,,CNN3SBHO90VISCQ
Teleferic Barcelona (Palo Alto),,#9C12A,e5787b84-a02c-4727-ae7b-4c088f49c12a,Delivery - Partner Using Uber App,Digital,UberEats iOS,Completed,2/8/26,6:08 PM,Uber One member,88,8.03,96.03,0,0,0,0,0,-10.9,-0.9,0,0,-0.99,0,0,85.13,-15.6,20,0,0,0,0,0,0,0,0,,0,0,-7.13,0,61.41,2/9/26,0,0,,CNN3SBHO90VISCQ
Teleferic Barcelona (Palo Alto),,#45461,c07932d8-83d6-430c-a44d-5f3a71445461,Delivery - Partner Using Uber App,Digital,UberEats iOS,Completed,2/8/26,6:35 PM,Uber One member,79,7.22,86.22,0,0,0,0,0,0,0,0,0,0,0,0,86.22,-15.8,20,0,0,0,0,0,0,0,0,,0,0,-7.22,0,63.2,2/9/26,0,0,,CNN3SBHO90VISCQ
Teleferic Barcelona (Palo Alto),,#D5D09,84875f45-25f8-4ce8-935c-9849b75d5d09,Delivery - Partner Using Uber App,Digital,UberEats iOS,Completed,2/8/26,8:11 PM,Uber One member,93,8.49,101.49,0,0,0,0,0,-10.92,-0.92,0,0,-0.99,0,0,90.57,-16.6,20,0,0,0,0,0,0,0,0,,0,0,-7.57,0,65.41,2/9/26,0,0,,CNN3SBHO90VISCQ
Teleferic Barcelona (Palo Alto),,#90439,168ac52a-8c67-42b2-b175-d0cd6bf90439,Delivery - Partner Using Uber App,Digital,UberEats Android,Completed,2/8/26,8:49 PM,Uber One member,63,5.76,68.76,0,0,0,0,0,-10.92,-0.92,0,0,-0.99,0,0,57.84,-10.6,20,0,0,0,0,0,0,0,0,,0,0,-4.84,0,41.41,2/9/26,0,0,,CNN3SBHO90VISCQ
Teleferic Barcelona (Roseville),,,,,,UberEats Unknown,,2/2/26,,,0,0,0,0,0,0,0,0,0,0,0,0,0,0,0,0,0,,0,0,0,0,0,0,0,0,Ad Spend,-5.52,0,0,0,-5.52,2/9/26,0,0,,E6NSCUGK60QK3IB
Teleferic Barcelona (Roseville),,,,,,UberEats Unknown,,2/3/26,,,0,0,0,0,0,0,0,0,0,0,0,0,0,0,0,0,0,,0,0,0,0,0,0,0,0,Ad Spend,-9.65,0,0,0,-9.65,2/9/26,0,0,,E6NSCUGK60QK3IB
Teleferic Barcelona (Roseville),,,,,,UberEats Unknown,,2/4/26,,,0,0,0,0,0,0,0,0,0,0,0,0,0,0,0,0,0,,0,0,0,0,0,0,0,0,Ad Spend,-6.07,0,0,0,-6.07,2/9/26,0,0,,E6NSCUGK60QK3IB
Teleferic Barcelona (Roseville),,,,,,UberEats Unknown,,2/4/26,,,0,0,0,0,0,0,0,0,0,0,0,0,0,0,0,0,0,,0,0,0,0,0,0,0,0,Ad Spend,-0.57,0,0,0,-0.57,2/9/26,0,0,,E6NSCUGK60QK3IB
Teleferic Barcelona (Roseville),,,,,,UberEats Unknown,,2/5/26,,,0,0,0,0,0,0,0,0,0,0,0,0,0,0,0,0,0,,0,0,0,0,0,0,0,0,Ad Spend,-0.97,0,0,0,-0.97,2/9/26,0,0,,E6NSCUGK60QK3IB
Teleferic Barcelona (Roseville),,,,,,UberEats Unknown,,2/5/26,,,0,0,0,0,0,0,0,0,0,0,0,0,0,0,0,0,0,,0,0,0,0,0,0,0,0,Ad Spend,-0.99,0,0,0,-0.99,2/9/26,0,0,,E6NSCUGK60QK3IB
Teleferic Barcelona (Roseville),,#AECE2,9a1cff9d-9da7-4a7a-a369-55723c0aece2,Delivery - Partner Using Uber App,Digital,UberEats Android,Completed,2/6/26,2:11 PM,Uber One member,57,4.42,61.42,0,0,0,0,0,-5.39,-0.39,0,0,-0.99,0,0,56.03,-10.4,20,0,0,0,0,0,0,0,0,,0,0,-4.03,0,40.61,2/9/26,0,0,,E6NSCUGK60QK3IB
Teleferic Barcelona (Roseville),,,,,,UberEats Unknown,,2/7/26,,,0,0,0,0,0,0,0,0,0,0,0,0,0,0,0,0,0,,0,0,0,0,0,0,0,0,Ad Spend,-1.01,0,0,0,-1.01,2/9/26,0,0,,E6NSCUGK60QK3IB
Teleferic Barcelona (Roseville),,#90CB5,fb0deef3-a965-46cd-be01-c9ad86b90cb5,Pickup,Digital,UberEats Android,Completed,2/7/26,11:25 AM,Uber One member,72,5.58,77.58,0,0,0,0,0,-5.38,-0.38,0,0,-0.99,0,0,72.2,-4.02,6,0,0,0,0,0,0,0,0,,0,0,-5.2,0,61.99,2/9/26,0,0,,E6NSCUGK60QK3IB
Teleferic Barcelona (Roseville),,,,,,UberEats Unknown,,2/8/26,,,0,0,0,0,0,0,0,0,0,0,0,0,0,0,0,0,0,,0,0,0,0,0,0,0,0,Ad Spend,-5.45,0,0,0,-5.45,2/9/26,0,0,,E6NSCUGK60QK3IB
