Business ID,Business name,Store ID,Store name,Timestamp local time,DoorDash transaction ID,DoorDash order ID,POS order ID,Transaction type,Channel,Description,Subtotal,Tax (subtotal),Customer fees,Tax (customer fees),Commission,Merchant fees,Tax (merchant fees),Marketing fees,Customer discounts,DoorDash marketing credit,Third-party contribution,Error charges,Adjustments,Net total,Payout date,Payout ID
340740,Teleferic Barcelona,390073,Telefèric Barcelona (Walnut Creek),2026-02-08 18:08:31.672078,16073834789,F18DFEA4,4c355861-a02e-4786-ae93-0cbd98b0f876,Order,Marketplace,NULL,54.00,4.07,0.00,0.00,-6.60,0.00,0.00,-11.83,-10.00,0.00,0.00,0.00,0.00,29.64,NULL,NULL
340740,Teleferic Barcelona,390073,Telefèric Barcelona (Walnut Creek),2026-02-08 18:01:42.079631,16073748572,67AFFF3C,b6aa2a7a-6f41-481e-be64-c3c8d58132e6,Order,Marketplace,NULL,92.00,7.59,0.00,0.00,-12.30,0.00,0.00,-11.81,-10.00,0.00,0.00,0.00,0.00,65.48,NULL,NULL
340740,Teleferic Barcelona,390073,Telefèric Barcelona (Walnut Creek),2026-02-08 18:01:23.645168,16073744618,81A67F84,47b45a1c-d05d-4c79-896d-c3b44ea82460,Order,Marketplace,NULL,23.00,1.67,0.00,0.00,-2.70,0.00,0.00,-0.99,-5.00,0.00,0.00,0.00,0.00,15.98,NULL,NULL
340740,Teleferic Barcelona,390073,Telefèric Barcelona (Walnut Creek),2026-02-08 15:58:42.671447,16071904454,6BFDDAB9,355101b5-f57b-4bde-b6fe-202662429695,Order,Marketplace,NULL,53.00,3.24,0.00,0.00,-5.25,0.00,0.00,-10.59,-18.00,0.00,0.00,0.00,0.00,22.40,NULL,NULL
340740,Teleferic Barcelona,390073,Telefèric Barcelona (Walnut Creek),2026-02-08 15:50:46.145787,16071781881,760BD3FF,df0697b6-c422-429c-b1bc-6af335937860,Order,Storefront,NULL,38.00,3.52,0.00,0.00,0.00,-1.50,0.00,0.00,0.00,0.00,0.00,0.00,0.00,40.02,NULL,NULL
340740,Teleferic Barcelona,390073,Telefèric Barcelona (Walnut Creek),2026-02-08 15:25:55.224302,16071394497,2A856239,e26b885a-4083-4f80-a3b9-8c0732124927,Order,Storefront,NULL,54.00,5.00,0.00,0.00,0.00,-2.01,0.00,0.00,0.00,0.00,0.00,0.00,0.00,56.99,NULL,NULL
340740,Teleferic Barcelona,390073,Telefèric Barcelona (Walnut Creek),2026-02-08 14:05:02.279266,16070291806,4DE71DAB,0f3596fb-ffbb-4553-ba03-1f818819cb79,Order,Storefront,NULL,167.50,15.49,0.00,0.00,0.00,-5.61,0.00,0.00,0.00,0.00,0.00,0.00,0.00,177.38,NULL,NULL
340740,Teleferic Barcelona,390073,Telefèric Barcelona (Walnut Creek),2026-02-08 11:55:31.678134,16068817716,DFC6CEAF,000e7b33-8d87-4e45-b7e9-ec7489365db6,Order,Marketplace,NULL,67.00,5.37,0.00,0.00,-8.70,0.00,0.00,-10.83,-9.00,0.00,0.00,0.00,0.00,43.84,NULL,NULL
340740,Teleferic Barcelona,390073,Telefèric Barcelona (Walnut Creek),2026-02-07 21:11:07.098024,16064452156,1194BCE4,455e239d-b686-4ffa-9cb7-8cd1ac1a6d05,Order,Marketplace,NULL,40.00,3.70,0.00,0.00,-6.00,0.00,0.00,-9.60,0.00,0.00,0.00,0.00,0.00,28.10,NULL,NULL
340740,Teleferic Barcelona,390073,Telefèric Barcelona (Walnut Creek),2026-02-07 20:24:56.197295,16064072875,76BEE80B,418c5715-93bb-45b9-a4ce-8bbd833b32fb,Order,Marketplace,NULL,19.00,1.76,0.00,0.00,-2.28,0.00,0.00,0.00,0.00,0.00,0.00,0.00,0.00,18.48,NULL,NULL
340740,Teleferic Barcelona,390073,Telefèric Barcelona (Walnut Creek),2026-02-07 20:24:10.380578,16064066467,3B924D2F,c84d1ce4-4cd3-44c6-be52-c0bc2f91bdec,Order,Marketplace,NULL,89.00,8.23,0.00,0.00,-10.68,0.00,0.00,0.00,0.00,0.00,0.00,0.00,0.00,86.55,NULL,NULL
340740,Teleferic Barcelona,390073,Telefèric Barcelona (Walnut Creek),2026-02-07 19:40:02.958311,16063629966,24821B2C,3f6310f0-0ac2-4013-a0bd-e756c1d65956,Order,Marketplace,NULL,20.00,1.39,0.00,0.00,-2.25,0.00,0.00,-0.99,-5.00,0.00,0.00,0.00,0.00,13.15,NULL,NULL
340740,Teleferic Barcelona,390073,Telefèric Barcelona (Walnut Creek),2026-02-07 19:39:07.888285,16063618923,A118C545,f515f62e-c543-49d0-9aee-fdc414c7c5d2,Order,Marketplace,NULL,19.00,1.76,0.00,0.00,-2.85,0.00,0.00,0.00,0.00,0.00,0.00,0.00,0.00,17.91,NULL,NULL
340740,Teleferic Barcelona,390073,Telefèric Barcelona (Walnut Creek),2026-02-07 19:38:44.897448,16063613851,DF666721,0185d99a-919a-4209-bf13-ce8ecef1ff9d,Order,Marketplace,NULL,89.00,7.31,0.00,0.00,-11.85,0.00,0.00,-0.99,-10.00,0.00,0.00,0.00,0.00,73.47,NULL,NULL
340740,Teleferic Barcelona,390073,Telefèric Barcelona (Walnut Creek),2026-02-07 19:06:20.164551,16063228848,7122DEB0,622b5677-ba7f-444b-b6ae-0b607d07691f,Order,Marketplace,NULL,154.00,11.47,0.00,0.00,-18.60,0.00,0.00,0.00,-30.00,0.00,0.00,0.00,0.00,116.87,NULL,NULL
340740,Teleferic Barcelona,390073,Telefèric Barcelona (Walnut Creek),2026-02-07 18:22:16.39262,16062624745,E7EB7BF2,cd822d9d-94e3-44a4-bc45-9a1975f691c9,Order,Marketplace,NULL,160.00,13.88,0.00,0.00,-22.50,0.00,0.00,-10.59,-10.00,0.00,0.00,0.00,0.00,130.79,NULL,NULL
340740,Teleferic Barcelona,390073,Telefèric Barcelona (Walnut Creek),2026-02-07 17:25:56.97787,16061760596,6DC983ED,02e4c049-71ba-4b8d-9a19-a64abbe5ec1d,Order,Marketplace,NULL,60.00,4.63,0.00,0.00,-7.50,0.00,0.00,-0.99,-10.00,0.00,0.00,0.00,0.00,46.14,NULL,NULL
340740,Teleferic Barcelona,390073,Telefèric Barcelona (Walnut Creek),2026-02-07 14:50:34.497841,16059428045,526826EE,2ead918e-b99f-4fda-8626-fdc7a1af3129,Order,Marketplace,NULL,18.00,0.83,0.00,0.00,-0.54,0.00,0.00,-0.99,-9.00,0.00,0.00,0.00,0.00,8.30,NULL,NULL
340740,Teleferic Barcelona,390073,Telefèric Barcelona (Walnut Creek),2026-02-07 14:35:00.961007,16059228826,0056D141,a2fb2b00-b90c-4a54-8a75-75ea290adcae,Order,Storefront,NULL,222.00,20.54,0.00,0.00,0.00,-7.33,0.00,0.00,0.00,0.00,0.00,0.00,0.00,235.21,NULL,NULL
340740,Teleferic Barcelona,390073,Telefèric Barcelona (Walnut Creek),2026-02-07 13:15:09.107793,16058304797,57AC6F98,b934ff31-4c0a-4525-8fa0-a3709069837b,Order,Marketplace,NULL,86.00,5.74,0.00,0.00,-9.30,0.00,0.00,-12.90,-24.00,0.00,0.00,0.00,0.00,45.54,NULL,NULL
340740,Teleferic Barcelona,390073,Telefèric Barcelona (Walnut Creek),2026-02-07 13:09:07.528059,16058240373,46C4317F,99cc4fac-6141-4579-9223-66018af3ced6,Order,Marketplace,NULL,124.00,8.42,0.00,0.00,-13.65,0.00,0.00,-0.99,-33.00,0.00,0.00,0.00,0.00,84.78,NULL,NULL
340740,Teleferic Barcelona,390073,Telefèric Barcelona (Walnut Creek),2026-02-07 12:29:47.542281,16057809897,5CD7EE48,264b7e5b-ee30-4d5f-abcc-c3b5e4a5e0de,Order,Marketplace,NULL,24.00,1.76,0.00,0.00,-2.85,0.00,0.00,-0.99,-5.00,0.00,0.00,0.00,0.00,16.92,NULL,NULL
340740,Teleferic Barcelona,390073,Telefèric Barcelona (Walnut Creek),2026-02-06 19:03:45.228882,16051725889,EC7ABA8C,d2152bdc-de49-4fb0-821c-df89912de09e,Order,Marketplace,NULL,79.00,6.38,0.00,0.00,-10.35,0.00,0.00,-0.99,-10.00,0.00,0.00,0.00,0.00,64.04,NULL,NULL
340740,Teleferic Barcelona,390073,Telefèric Barcelona (Walnut Creek),2026-02-06 18:42:12.489381,16051412704,43D14A6D,3f9a6ebc-13d6-4703-8049-e7a85681e3f5,Order,Marketplace,NULL,34.00,3.15,0.00,0.00,-4.08,0.00,0.00,-9.19,0.00,0.00,0.00,0.00,0.00,23.88,NULL,NULL
340740,Teleferic Barcelona,390073,Telefèric Barcelona (Walnut Creek),2026-02-06 14:59:08.493773,16047767203,8333692F,3dbe3888-90c5-4e63-94fe-f49c6b1bf877,Order,Marketplace,NULL,140.00,10.18,0.00,0.00,-16.50,0.00,0.00,-9.60,-30.00,0.00,0.00,0.00,0.00,94.08,NULL,NULL
340740,Teleferic Barcelona,390073,Telefèric Barcelona (Walnut Creek),2026-02-05 20:45:01.666129,16041135223,09D9FAC5,e7860c7d-8cff-41a4-b369-e4127768842f,Order,Storefront,NULL,3.00,0.28,0.00,0.00,0.00,-0.40,0.00,0.00,0.00,0.00,0.00,0.00,0.00,2.88,NULL,NULL
340740,Teleferic Barcelona,390073,Telefèric Barcelona (Walnut Creek),2026-02-05 15:51:35.313946,16037316759,2B843F16,41df6ac5-f8a6-4515-8b50-3f9fb25f34cc,Order,Marketplace,NULL,45.00,4.16,0.00,0.00,-6.75,0.00,0.00,-11.22,0.00,0.00,0.00,0.00,0.00,31.19,NULL,NULL
340740,Teleferic Barcelona,390073,Telefèric Barcelona (Walnut Creek),2026-02-05 15:51:34.486679,16037316516,2B843F16,41df6ac5-f8a6-4515-8b50-3f9fb25f34cc,Order,Marketplace,NULL,-45.00,-4.16,0.00,0.00,6.75,0.00,0.00,0.00,0.00,0.00,0.00,0.00,0.00,-42.41,NULL,NULL
340740,Teleferic Barcelona,390073,Telefèric Barcelona (Walnut Creek),2026-02-05 15:36:16.226285,16037077328,2B843F16,41df6ac5-f8a6-4515-8b50-3f9fb25f34cc,Order,Marketplace,NULL,45.00,4.16,0.00,0.00,-6.75,0.00,0.00,0.00,0.00,0.00,0.00,0.00,0.00,42.41,NULL,NULL
340740,Teleferic Barcelona,390073,Telefèric Barcelona (Walnut Creek),2026-02-05 14:49:31.387809,16036470329,E1B03E3E,aca1a759-3507-4a7c-ad5b-96558d784365,Order,Marketplace,NULL,194.00,17.11,0.00,0.00,-27.75,0.00,0.00,-0.99,-9.00,0.00,0.00,0.00,0.00,173.37,NULL,NULL
340740,Teleferic Barcelona,390073,Telefèric Barcelona (Walnut Creek),2026-02-05 13:38:49.707924,16035725027,F45BD5D5,27fedd73-cd69-43fe-9c15-2d72eec07587,Order,Storefront,NULL,12.00,1.11,0.00,0.00,0.00,-0.68,0.00,0.00,0.00,0.00,0.00,0.00,0.00,12.43,NULL,NULL
340740,Teleferic Barcelona,390073,Telefèric Barcelona (Walnut Creek),2026-02-04 20:45:01.588245,16030381776,BF9BB593,b3d82681-6a91-4510-bbde-312a90c94058,Order,Storefront,NULL,3.00,0.28,0.00,0.00,0.00,-0.40,0.00,0.00,0.00,0.00,0.00,0.00,0.00,2.88,NULL,NULL
340740,Teleferic Barcelona,390073,Telefèric Barcelona (Walnut Creek),2026-02-04 18:53:56.890152,16029415404,815E7441,21111b75-5b9d-42b5-a603-edd3af4040ff,Order,Marketplace,NULL,52.00,4.81,0.00,0.00,-7.80,0.00,0.00,0.00,0.00,0.00,0.00,0.00,0.00,49.01,NULL,NULL
340740,Teleferic Barcelona,390073,Telefèric Barcelona (Walnut Creek),2026-02-04 18:39:01.405278,16029246304,DA092F46,76a23b0f-4b1f-4d7e-b09f-0f2340a3898f,Order,Marketplace,NULL,68.00,5.37,0.00,0.00,-8.70,0.00,0.00,-0.99,-10.00,0.00,0.00,0.00,0.00,53.68,NULL,NULL
340740,Teleferic Barcelona,390073,Telefèric Barcelona (Walnut Creek),2026-02-04 18:37:07.598657,16029222585,D15C768B,fca156a1-68a0-455a-a64b-bf5bae4612e4,Order,Marketplace,NULL,48.00,2.22,0.00,0.00,-1.44,0.00,0.00,-0.99,-24.00,0.00,0.00,0.00,0.00,23.79,NULL,NULL
340740,Teleferic Barcelona,390073,Telefèric Barcelona (Walnut Creek),2026-02-04 18:06:30.42757,16028835406,CCE9D709,05fb96bb-4ed3-415e-b0c6-8ae69d273bf1,Order,Marketplace,NULL,18.00,0.83,0.00,0.00,-0.54,0.00,0.00,-0.99,-9.00,0.00,0.00,0.00,0.00,8.30,NULL,NULL
340740,Teleferic Barcelona,390073,Telefèric Barcelona (Walnut Creek),2026-02-04 18:03:56.159886,16028801729,579FC356,224f19d9-1ddf-493a-9332-3d37db5fe391,Order,Marketplace,NULL,157.00,12.03,0.00,0.00,-19.50,0.00,0.00,-0.99,-27.00,0.00,0.00,0.00,0.00,121.54,NULL,NULL
340740,Teleferic Barcelona,390073,Telefèric Barcelona (Walnut Creek),2026-02-03 20:31:51.427482,16020176579,F380371C,e83a439b-e385-4e21-99bd-05b3bce2d509,Order,Marketplace,NULL,187.00,16.37,0.00,0.00,-10.62,0.00,0.00,-0.99,-10.00,0.00,0.00,0.00,0.00,181.76,NULL,NULL
340740,Teleferic Barcelona,390073,Telefèric Barcelona (Walnut Creek),2026-02-03 20:30:01.570705,16020160473,D77DC262,02b99bd8-6420-420f-a462-6c4a9559d1d0,Order,Storefront,NULL,61.50,5.69,0.00,0.00,0.00,-2.25,0.00,0.00,0.00,0.00,0.00,0.00,0.00,64.94,NULL,NULL
340740,Teleferic Barcelona,390073,Telefèric Barcelona (Walnut Creek),2026-02-03 19:45:40.562879,16019828674,B31F93A0,0c82bb3d-12e6-47d7-976f-0b7fd9a99e67,Order,Marketplace,NULL,148.00,12.77,0.00,0.00,-16.56,0.00,0.00,-0.99,-10.00,0.00,0.00,0.00,0.00,133.22,NULL,NULL
340740,Teleferic Barcelona,390073,Telefèric Barcelona (Walnut Creek),2026-02-03 19:35:25.591782,16019740416,637D0E11,5922c4e3-d2cf-476c-af1f-9c4576fb2cd4,Order,Marketplace,NULL,91.00,7.49,0.00,0.00,-12.15,0.00,0.00,-0.99,-10.00,0.00,0.00,0.00,0.00,75.35,NULL,NULL
340740,Teleferic Barcelona,390073,Telefèric Barcelona (Walnut Creek),2026-02-03 14:16:24.57546,16015832191,E70883A5,2f750f06-38b7-4e07-87cb-6eaa31067581,Order,Marketplace,NULL,56.00,2.41,0.00,0.00,-1.56,0.00,0.00,0.00,-30.00,0.00,0.00,0.00,0.00,26.85,NULL,NULL
340740,Teleferic Barcelona,390073,Telefèric Barcelona (Walnut Creek),2026-02-02 18:42:35.557123,16009552301,CDF67E8A,14caffb9-c960-4629-9d75-2f58ba7a7643,Order,Marketplace,NULL,49.00,3.70,0.00,0.00,-6.00,0.00,0.00,-10.59,-9.00,0.00,0.00,0.00,0.00,27.11,NULL,NULL
340740,Teleferic Barcelona,390073,Telefèric Barcelona (Walnut Creek),2026-02-02 17:48:03.962174,16008917924,5CD792C1,4b0e1595-fe3e-4462-a332-94a10ba0d5d8,Order,Marketplace,NULL,80.00,4.63,0.00,0.00,-7.50,0.00,0.00,-11.51,-30.00,0.00,0.00,0.00,0.00,35.62,NULL,NULL
340740,Teleferic Barcelona,390073,Telefèric Barcelona (Walnut Creek),2026-02-02 12:55:01.567833,16005567752,6F0DC9A7,50015639-7e41-4174-9ed8-710f0982644d,Order,Storefront,NULL,44.00,3.26,0.00,0.00,0.00,-1.42,0.00,0.00,-8.80,0.00,0.00,0.00,0.00,37.04,NULL,NULL
340740,Teleferic Barcelona,390073,Telefèric Barcelona (Walnut Creek),2026-02-02 12:11:33.135203,16005179487,3F729052,e06ba0fa-7258-4cea-8a5d-fff956c82c38,Order,Marketplace,NULL,26.00,1.80,0.00,0.00,-2.93,0.00,0.00,0.00,-6.50,0.00,0.00,0.00,0.00,18.37,NULL,NULL
340740,Teleferic Barcelona,749143,Telefèric Barcelona (Palo Alto),2026-02-08 22:00:23.852031,16075528953,DADA0955,066dc753-6e6d-448a-93b9-98a2f6e4247e,Order,Storefront,NULL,41.00,3.74,0.00,0.00,0.00,-1.60,0.00,0.00,0.00,0.00,0.00,0.00,0.00,43.14,NULL,NULL
340740,Teleferic Barcelona,749143,Telefèric Barcelona (Palo Alto),2026-02-08 20:27:23.853249,16075055931,5D4823AE,e3bfa7c5-f922-454a-aba4-fbc0349b8387,Order,Marketplace,NULL,27.00,2.46,0.00,0.00,-4.05,0.00,0.00,-3.13,0.00,0.00,0.00,0.00,0.00,22.28,NULL,NULL
340740,Teleferic Barcelona,749143,Telefèric Barcelona (Palo Alto),2026-02-08 18:58:14.19443,16074371595,BA895AEF,c38997a7-a7fa-487e-aff5-81d63e5d4a93,Order,Marketplace,NULL,46.00,4.20,0.00,0.00,-2.76,0.00,0.00,0.00,0.00,0.00,0.00,0.00,0.00,47.44,NULL,NULL
340740,Teleferic Barcelona,749143,Telefèric Barcelona (Palo Alto),2026-02-08 18:36:03.820865,16074150552,FBAF03BB,93e4ff9f-65c2-4c88-a148-cdc55d195091,Order,Marketplace,NULL,97.00,7.94,0.00,0.00,-13.05,0.00,0.00,-0.99,-10.00,0.00,0.00,0.00,0.00,80.90,NULL,NULL
340740,Teleferic Barcelona,749143,Telefèric Barcelona (Palo Alto),2026-02-08 17:53:28.732256,16073639911,3F498A18,7532774b-f744-45b2-a85f-cdcd9a018de7,Order,Marketplace,NULL,42.00,3.38,0.00,0.00,-5.55,0.00,0.00,-0.99,-5.00,0.00,0.00,0.00,0.00,33.84,NULL,NULL
340740,Teleferic Barcelona,749143,Telefèric Barcelona (Palo Alto),2026-02-08 16:33:56.240837,16072477952,0B9D0481,5949eb9c-05e8-47ea-a211-9f117391e6a2,Order,Marketplace,NULL,72.00,4.93,0.00,0.00,-8.10,0.00,0.00,-12.87,-18.00,0.00,0.00,0.00,0.00,37.96,NULL,NULL
340740,Teleferic Barcelona,749143,Telefèric Barcelona (Palo Alto),2026-02-08 16:30:21.25423,16072417911,82CF4D0A,cbce4500-c71f-4ad0-9df9-6fd9d9a356d1,Order,Marketplace,NULL,101.00,9.22,0.00,0.00,-15.15,0.00,0.00,-10.20,0.00,0.00,0.00,0.00,0.00,84.87,NULL,NULL
340740,Teleferic Barcelona,749143,Telefèric Barcelona (Palo Alto),2026-02-08 16:07:54.324898,16072057631,1A6AD302,85bc0f01-19f2-429c-aba6-775915796dda,Order,Marketplace,NULL,52.00,3.10,0.00,0.00,-5.10,0.00,0.00,-0.99,-18.00,0.00,0.00,0.00,0.00,31.01,NULL,NULL
340740,Teleferic Barcelona,749143,Telefèric Barcelona (Palo Alto),2026-02-08 15:52:35.446967,16071809561,BE5DA03F,21ff4f73-1b01-4a9a-a2fe-7e96c5dfcdc3,Order,Marketplace,NULL,24.00,2.19,0.00,0.00,-3.60,0.00,0.00,-7.98,0.00,0.00,0.00,0.00,0.00,14.61,NULL,NULL
340740,Teleferic Barcelona,749143,Telefèric Barcelona (Palo Alto),2026-02-08 15:38:58.190414,16071599697,CE9FB434,2772642b-9055-4db2-be08-e4fe723b4126,Order,Marketplace,NULL,42.00,3.19,0.00,0.00,-5.25,0.00,0.00,-12.32,-7.00,0.00,0.00,0.00,0.00,20.62,NULL,NULL
340740,Teleferic Barcelona,749143,Telefèric Barcelona (Palo Alto),2026-02-08 15:30:17.987895,16071461810,DF09E908,3add4f5a-11bd-411b-84f4-22ed31bda600,Order,Marketplace,NULL,63.00,5.11,0.00,0.00,-8.40,0.00,0.00,-10.24,-7.00,0.00,0.00,0.00,0.00,42.47,NULL,NULL
340740,Teleferic Barcelona,749143,Telefèric Barcelona (Palo Alto),2026-02-08 14:26:03.167043,16070554228,27068978,df23c77c-dcd8-4481-a94e-3824c6b81237,Order,Marketplace,NULL,210.00,18.52,0.00,0.00,-30.45,0.00,0.00,-10.59,-7.00,0.00,0.00,0.00,0.00,180.48,NULL,NULL
340740,Teleferic Barcelona,749143,Telefèric Barcelona (Palo Alto),2026-02-08 14:25:23.725248,16070546140,51D49BAD,51647807-de4d-4768-9ac1-3a7ad9b67819,Order,Marketplace,NULL,133.00,7.76,0.00,0.00,-12.75,0.00,0.00,-10.59,-48.00,0.00,0.00,0.00,0.00,69.42,NULL,NULL
340740,Teleferic Barcelona,749143,Telefèric Barcelona (Palo Alto),2026-02-08 13:04:33.317497,16069579779,42F370CD,9a676841-cdc2-48d7-bf9a-5f80049147a4,Order,Marketplace,NULL,49.00,3.83,0.00,0.00,-6.30,0.00,0.00,-0.99,-7.00,0.00,0.00,0.00,0.00,38.54,NULL,NULL
340740,Teleferic Barcelona,749143,Telefèric Barcelona (Palo Alto),2026-02-08 12:50:23.344794,16069420192,DE039197,a1363d63-9dca-41f9-8747-8a77a55de681,Order,Marketplace,NULL,36.00,1.64,0.00,0.00,-2.70,0.00,0.00,-9.87,-18.00,0.00,0.00,0.00,0.00,7.07,NULL,NULL
340740,Teleferic Barcelona,749143,Telefèric Barcelona (Palo Alto),2026-02-08 12:42:31.919091,16069335414,22CCE13F,dcae3c64-35ed-4004-be57-14e0d3653283,Order,Storefront,NULL,19.00,1.73,0.00,0.00,0.00,-3.07,0.00,0.00,0.00,0.00,0.00,0.00,0.00,17.66,NULL,NULL
340740,Teleferic Barcelona,749143,Telefèric Barcelona (Palo Alto),2026-02-08 12:24:42.964114,16069133658,D8C6EEB7,e2e98d9f-3cf0-456c-a4a0-880d706506de,Order,Marketplace,NULL,62.00,2.92,0.00,0.00,-4.80,0.00,0.00,0.00,-30.00,0.00,0.00,0.00,0.00,30.12,NULL,NULL
340740,Teleferic Barcelona,749143,Telefèric Barcelona (Palo Alto),2026-02-07 20:37:21.580716,16064182875,6AE00D7D,05c16cfb-8022-4bf8-9dc6-c38926cfce52,Order,Marketplace,NULL,34.00,3.10,0.00,0.00,-5.10,0.00,0.00,0.00,0.00,0.00,0.00,0.00,0.00,32.00,NULL,NULL
340740,Teleferic Barcelona,749143,Telefèric Barcelona (Palo Alto),2026-02-07 19:43:31.634658,16063666911,1524EDCE,2575b084-0c58-4f21-af86-7678e42b2698,Order,Marketplace,NULL,26.00,2.37,0.00,0.00,-3.90,0.00,0.00,0.00,0.00,0.00,0.00,0.00,0.00,24.47,NULL,NULL
340740,Teleferic Barcelona,749143,Telefèric Barcelona (Palo Alto),2026-02-07 19:43:10.015004,16063663192,154A7A38,9cc260e5-27a4-4a08-8b09-61a3e9ed9eae,Order,Marketplace,NULL,62.00,4.75,0.00,0.00,-7.80,0.00,0.00,-12.30,-10.00,0.00,0.00,0.00,0.00,36.65,NULL,NULL
340740,Teleferic Barcelona,749143,Telefèric Barcelona (Palo Alto),2026-02-07 19:04:46.233256,16063209021,B0A3C7EC,c433ee90-94ef-43cf-9320-8dcf7d6c6167,Order,Marketplace,NULL,82.00,6.57,0.00,0.00,-10.80,0.00,0.00,-0.99,-10.00,0.00,0.00,0.00,0.00,66.78,NULL,NULL
340740,Teleferic Barcelona,749143,Telefèric Barcelona (Palo Alto),2026-02-07 18:35:01.704043,16062808366,BB143DAC,fb79d295-60e4-4f0c-9075-3fd94b2b24f1,Order,Marketplace,NULL,131.00,11.95,0.00,0.00,-7.86,0.00,0.00,0.00,-5.00,5.00,0.00,0.00,0.00,135.09,NULL,NULL
340740,Teleferic Barcelona,749143,Telefèric Barcelona (Palo Alto),2026-02-07 18:21:26.590476,16062613079,5186AC6C,5b04a98d-e314-4d59-aa47-3d56e8bcdb4f,Order,Marketplace,NULL,62.00,4.75,0.00,0.00,-6.24,0.00,0.00,-8.55,-10.00,0.00,0.00,0.00,0.00,41.96,NULL,NULL
340740,Teleferic Barcelona,749143,Telefèric Barcelona (Palo Alto),2026-02-07 17:55:03.536051,16062217367,E5560C6A,0e0590be-fdf6-4ae5-9b88-7fefbbedd58d,Order,Storefront,NULL,281.00,25.64,0.00,0.00,0.00,-12.97,0.00,0.00,0.00,0.00,0.00,0.00,0.00,293.67,NULL,NULL
340740,Teleferic Barcelona,749143,Telefèric Barcelona (Palo Alto),2026-02-07 17:55:01.639803,16062216875,013A793C,72f645b6-f6a6-4c7d-9768-9f2a3c1fa3c0,Order,Storefront,NULL,196.00,17.89,0.00,0.00,0.00,-6.50,0.00,0.00,0.00,0.00,0.00,0.00,0.00,207.39,NULL,NULL
340740,Teleferic Barcelona,749143,Telefèric Barcelona (Palo Alto),2026-02-07 17:12:32.255602,16061552545,E9EB47A3,58876a5f-b47c-4d0f-989c-07d58d216163,Order,Marketplace,NULL,98.00,4.84,0.00,0.00,-7.95,0.00,0.00,-0.99,-45.00,0.00,0.00,0.00,0.00,48.90,NULL,NULL
340740,Teleferic Barcelona,749143,Telefèric Barcelona (Palo Alto),2026-02-07 16:38:31.451303,16061009023,497B4BC4,f8fbfb69-fe66-49b7-84ab-c22250656bb8,Order,Marketplace,NULL,90.00,4.11,0.00,0.00,-6.75,0.00,0.00,-0.99,-45.00,0.00,0.00,0.00,0.00,41.37,NULL,NULL
340740,Teleferic Barcelona,749143,Telefèric Barcelona (Palo Alto),2026-02-07 15:45:20.348616,16060191547,F811F7E4,69bb0b69-09b4-47b1-bbfc-948dbc701176,Order,Marketplace,NULL,44.00,3.38,0.00,0.00,-5.55,0.00,0.00,-11.52,-7.00,0.00,0.00,0.00,0.00,23.31,NULL,NULL
340740,Teleferic Barcelona,749143,Telefèric Barcelona (Palo Alto),2026-02-07 15:35:43.270319,16060050222,507E6105,25b48e6f-6c49-4d95-950d-db2dba91208f,Order,Marketplace,NULL,36.00,1.64,0.00,0.00,-2.16,0.00,0.00,-10.59,-18.00,0.00,0.00,0.00,0.00,6.89,NULL,NULL
340740,Teleferic Barcelona,749143,Telefèric Barcelona (Palo Alto),2026-02-07 15:03:32.38499,16059601036,9557A6E4,572fab1b-f434-420f-82d7-afaf05b40cc2,Order,Marketplace,NULL,91.00,7.67,0.00,0.00,-5.04,0.00,0.00,-0.99,-7.00,0.00,0.00,0.00,0.00,85.64,NULL,NULL
340740,Teleferic Barcelona,749143,Telefèric Barcelona (Palo Alto),2026-02-07 14:44:14.880707,16059347255,F0E2148A,e2a291d2-8787-4376-9f48-7cabd0d46352,Order,Marketplace,NULL,33.00,2.19,0.00,0.00,-2.88,0.00,0.00,-0.99,-9.00,0.00,0.00,0.00,0.00,22.32,NULL,NULL
340740,Teleferic Barcelona,749143,Telefèric Barcelona (Palo Alto),2026-02-07 13:56:17.398462,16058760207,E3DF1A69,4ae48024-4406-4ca1-aa22-28a7c74a7359,Order,Marketplace,NULL,46.00,4.20,0.00,0.00,-6.90,0.00,0.00,-11.24,0.00,0.00,0.00,0.00,0.00,32.06,NULL,NULL
340740,Teleferic Barcelona,749143,Telefèric Barcelona (Palo Alto),2026-02-07 13:31:23.352036,16058484078,4633787A,30df62bc-20ce-4a59-9c2f-e4b4ed63e0f3,Order,Marketplace,NULL,107.00,8.67,0.00,0.00,-14.25,0.00,0.00,-0.99,-12.00,0.00,0.00,0.00,0.00,88.43,NULL,NULL
340740,Teleferic Barcelona,749143,Telefèric Barcelona (Palo Alto),2026-02-07 12:10:01.189179,16057603562,9D0CD8C2,d7ffcfdc-629f-4963-9c63-055bd2d7a9db,Order,Marketplace,NULL,72.00,3.29,0.00,0.00,-5.40,0.00,0.00,-0.99,-36.00,0.00,0.00,0.00,0.00,32.90,NULL,NULL
340740,Teleferic Barcelona,749143,Telefèric Barcelona (Palo Alto),2026-02-07 12:04:36.994878,16057546901,AD9D39D3,4b9062a3-b2ed-4514-9538-cf1eb42c3a24,Order,Marketplace,NULL,34.00,3.10,0.00,0.00,-5.10,0.00,0.00,-9.55,0.00,0.00,0.00,0.00,0.00,22.45,NULL,NULL
340740,Teleferic Barcelona,749143,Telefèric Barcelona (Palo Alto),2026-02-07 11:59:24.936033,16057484909,D14E5FC2,4f4e118c-0620-4145-908c-3fe6e5a5fbef,Order,Marketplace,NULL,42.00,3.83,0.00,0.00,-5.04,0.00,0.00,-10.16,-15.00,15.00,0.00,0.00,0.00,30.63,NULL,NULL
340740,Teleferic Barcelona,749143,Telefèric Barcelona (Palo Alto),2026-02-07 11:59:24.192056,16057484791,D14E5FC2,4f4e118c-0620-4145-908c-3fe6e5a5fbef,Order,Marketplace,NULL,-42.00,-3.83,0.00,0.00,6.30,0.00,0.00,10.16,15.00,-15.00,0.00,0.00,0.00,-29.37,NULL,NULL
340740,Teleferic Barcelona,749143,Telefèric Barcelona (Palo Alto),2026-02-07 11:59:20.087451,16057484144,D14E5FC2,4f4e118c-0620-4145-908c-3fe6e5a5fbef,Error Charge,Marketplace,1 Wagyu Empanadas missing,0.00,0.00,0.00,0.00,0.00,0.00,0.00,0.00,0.00,0.00,0.00,-17.46,0.00,-17.46,NULL,NULL
340740,Teleferic Barcelona,749143,Telefèric Barcelona (Palo Alto),2026-02-07 11:43:00.544248,16057313834,94F4A6FB,1100d0a0-66bc-41ff-bb3f-28138a5c1502,Order,Marketplace,NULL,46.00,4.20,0.00,0.00,-6.90,0.00,0.00,0.00,0.00,0.00,0.00,0.00,0.00,43.30,NULL,NULL
340740,Teleferic Barcelona,749143,Telefèric Barcelona (Palo Alto),2026-02-07 11:37:26.294386,16057252053,D14E5FC2,4f4e118c-0620-4145-908c-3fe6e5a5fbef,Order,Marketplace,NULL,42.00,3.83,0.00,0.00,-6.30,0.00,0.00,-10.16,-15.00,15.00,0.00,0.00,0.00,29.37,NULL,NULL
340740,Teleferic Barcelona,749143,Telefèric Barcelona (Palo Alto),2026-02-06 20:58:16.602918,16052961757,1AA1C5AB,51b743c0-f5b0-4630-9eb3-3f4b46364b76,Order,Marketplace,NULL,24.00,2.19,0.00,0.00,-3.60,0.00,0.00,0.00,0.00,0.00,0.00,0.00,0.00,22.59,NULL,NULL
340740,Teleferic Barcelona,749143,Telefèric Barcelona (Palo Alto),2026-02-06 20:52:30.195277,16052916616,B6800684,ad0d14f5-a5c8-4e2f-9f3d-762d23046486,Order,Marketplace,NULL,60.00,4.56,0.00,0.00,-7.50,0.00,0.00,-0.99,-10.00,0.00,0.00,0.00,0.00,46.07,NULL,NULL
340740,Teleferic Barcelona,749143,Telefèric Barcelona (Palo Alto),2026-02-06 20:16:26.963314,16052591312,7C05C552,681033be-e5b0-4611-8c4e-05ff0824d458,Order,Marketplace,NULL,90.00,7.30,0.00,0.00,-12.00,0.00,0.00,-0.99,-10.00,0.00,0.00,0.00,0.00,74.31,NULL,NULL
340740,Teleferic Barcelona,749143,Telefèric Barcelona (Palo Alto),2026-02-06 19:57:42.450971,16052392245,06B9C982,66ebb148-4951-4d16-ba8b-032e6185b59c,Order,Marketplace,NULL,42.00,3.83,0.00,0.00,-6.30,0.00,0.00,-9.60,-5.00,5.00,0.00,0.00,0.00,29.93,NULL,NULL
340740,Teleferic Barcelona,749143,Telefèric Barcelona (Palo Alto),2026-02-06 19:27:01.492547,16052031002,397336FE,6e9c1b3f-a1dd-4bff-bc15-ae2c55584983,Order,Marketplace,NULL,122.00,10.22,0.00,0.00,-16.80,0.00,0.00,-0.99,-10.00,0.00,0.00,0.00,0.00,104.43,NULL,NULL
340740,Teleferic Barcelona,749143,Telefèric Barcelona (Palo Alto),2026-02-06 19:26:13.80439,16052021566,47946355,efea0463-78b2-4ffd-9403-f6bceacb23f3,Order,Marketplace,NULL,52.00,3.83,0.00,0.00,-6.30,0.00,0.00,-0.99,-10.00,0.00,0.00,0.00,0.00,38.54,NULL,NULL
340740,Teleferic Barcelona,749143,Telefèric Barcelona (Palo Alto),2026-02-06 19:15:32.245988,16051886927,BB666D78,3a79778b-e04d-44d6-b795-30a0d3335c5e,Order,Marketplace,NULL,39.00,3.10,0.00,0.00,-4.08,0.00,0.00,-0.99,-5.00,0.00,0.00,0.00,0.00,32.03,NULL,NULL
340740,Teleferic Barcelona,749143,Telefèric Barcelona (Palo Alto),2026-02-06 19:06:44.360458,16051766997,5ECFB0C5,c9cbdb9b-85fa-4543-beac-51f63b9e036c,Order,Marketplace,NULL,119.00,9.95,0.00,0.00,-16.35,0.00,0.00,-9.77,-10.00,0.00,0.00,0.00,0.00,92.83,NULL,NULL
340740,Teleferic Barcelona,749143,Telefèric Barcelona (Palo Alto),2026-02-06 18:34:54.503219,16051301202,53334FF2,50b1f4d4-59ba-4cb6-8811-af9570d00d0e,Order,Marketplace,NULL,148.00,13.51,0.00,0.00,-22.20,0.00,0.00,-9.48,0.00,0.00,0.00,0.00,0.00,129.83,NULL,NULL
340740,Teleferic Barcelona,749143,Telefèric Barcelona (Palo Alto),2026-02-06 18:12:18.195825,16050942866,100813E3,4861dccf-14ea-43d7-84a8-16bf9e07d0a5,Order,Marketplace,NULL,75.00,5.93,0.00,0.00,-9.75,0.00,0.00,-0.99,-10.00,0.00,0.00,0.00,0.00,60.19,NULL,NULL
340740,Teleferic Barcelona,749143,Telefèric Barcelona (Palo Alto),2026-02-06 18:05:10.247029,16050825757,16F060C9,b69f650a-7bc8-45c5-b434-ede1d0411f8d,Order,Marketplace,NULL,86.00,4.56,0.00,0.00,-3.00,0.00,0.00,-0.99,-36.00,0.00,0.00,0.00,0.00,50.57,NULL,NULL
340740,Teleferic Barcelona,749143,Telefèric Barcelona (Palo Alto),2026-02-06 18:03:17.78556,16050794758,79BEC153,7ad93545-ead6-4870-af91-f6fad8db47bd,Order,Marketplace,NULL,63.00,4.84,0.00,0.00,-7.95,0.00,0.00,-0.99,-10.00,0.00,0.00,0.00,0.00,48.90,NULL,NULL
340740,Teleferic Barcelona,749143,Telefèric Barcelona (Palo Alto),2026-02-06 17:41:40.100996,16050428417,1EB5307E,92b8d46b-d497-4f3e-bf2d-7da2e576107d,Order,Storefront,NULL,64.00,5.84,0.00,0.00,0.00,-2.33,0.00,0.00,0.00,0.00,0.00,0.00,0.00,67.51,NULL,NULL
340740,Teleferic Barcelona,749143,Telefèric Barcelona (Palo Alto),2026-02-06 17:31:14.804447,16050247994,BE6EAAFD,3501f96c-1079-4279-a8a7-a8551ffbabf0,Order,Marketplace,NULL,75.00,5.93,0.00,0.00,-9.75,0.00,0.00,-12.57,-10.00,0.00,0.00,0.00,0.00,48.61,NULL,NULL
340740,Teleferic Barcelona,749143,Telefèric Barcelona (Palo Alto),2026-02-06 17:19:36.45788,16050043308,23D36AA8,574e5765-931b-4dd1-8a85-718c2c82602b,Order,Marketplace,NULL,50.00,3.65,0.00,0.00,-4.80,0.00,0.00,-10.59,-10.00,0.00,0.00,0.00,0.00,28.26,NULL,NULL
340740,Teleferic Barcelona,749143,Telefèric Barcelona (Palo Alto),2026-02-06 16:52:24.306186,16049565644,D4BDE2A4,955b7989-1bed-4844-8c75-f39f4fcbf9a3,Order,Marketplace,NULL,86.00,7.85,0.00,0.00,-10.32,0.00,0.00,0.00,0.00,0.00,0.00,0.00,0.00,83.53,NULL,NULL
340740,Teleferic Barcelona,749143,Telefèric Barcelona (Palo Alto),2026-02-06 16:38:01.657331,16049314342,D7648391,8862bb46-2835-4475-9d0b-e6aed748dbf0,Order,Marketplace,NULL,102.00,7.39,0.00,0.00,-12.15,0.00,0.00,-0.99,-21.00,0.00,0.00,0.00,0.00,75.25,NULL,NULL
340740,Teleferic Barcelona,749143,Telefèric Barcelona (Palo Alto),2026-02-06 16:31:43.226916,16049207051,A8933875,ec176658-6255-4f2c-bbc0-2955caaaae6e,Order,Marketplace,NULL,70.00,3.65,0.00,0.00,-6.00,0.00,0.00,0.00,-30.00,0.00,0.00,0.00,0.00,37.65,NULL,NULL
340740,Teleferic Barcelona,749143,Telefèric Barcelona (Palo Alto),2026-02-06 16:30:56.515097,16049193578,979FF418,41e7990b-8cd7-43c5-8014-275216f205b0,Error Charge,Marketplace,Entirely Wrong Order,0.00,0.00,0.00,0.00,0.00,0.00,0.00,0.00,0.00,0.00,0.00,-80.13,0.00,-80.13,NULL,NULL
340740,Teleferic Barcelona,749143,Telefèric Barcelona (Palo Alto),2026-02-06 16:12:03.792392,16048877866,45A62428,6384fc1d-15dc-45b2-af3a-a2de426ea116,Order,Marketplace,NULL,532.00,45.81,0.00,0.00,-75.30,0.00,0.00,0.00,-30.00,0.00,0.00,0.00,0.00,472.51,NULL,NULL
340740,Teleferic Barcelona,749143,Telefèric Barcelona (Palo Alto),2026-02-06 16:06:22.081745,16048782387,2424A46D,072bee53-ac07-4301-80dd-db79e1a15371,Order,Marketplace,NULL,541.00,49.37,0.00,0.00,-81.15,0.00,0.00,0.00,0.00,0.00,0.00,0.00,0.00,509.22,NULL,NULL
340740,Teleferic Barcelona,749143,Telefèric Barcelona (Palo Alto),2026-02-06 15:52:41.167102,16048559011,979FF418,41e7990b-8cd7-43c5-8014-275216f205b0,Order,Marketplace,NULL,86.00,7.03,0.00,0.00,-11.55,0.00,0.00,-0.99,-9.00,0.00,0.00,0.00,0.00,71.49,NULL,NULL
340740,Teleferic Barcelona,749143,Telefèric Barcelona (Palo Alto),2026-02-06 15:28:15.699842,16048180250,6D4B0678,facbe21e-f124-418c-a8f6-4fc7ddadbf92,Order,Marketplace,NULL,36.00,1.64,0.00,0.00,-2.70,0.00,0.00,-0.99,-18.00,0.00,0.00,0.00,0.00,15.95,NULL,NULL
340740,Teleferic Barcelona,749143,Telefèric Barcelona (Palo Alto),2026-02-06 14:44:40.399306,16047581374,339345F3,6461f560-ee3d-4f5d-98c0-14879d5cf13e,Order,Marketplace,NULL,35.00,3.19,0.00,0.00,-4.20,0.00,0.00,-9.60,0.00,0.00,0.00,0.00,0.00,24.39,NULL,NULL
340740,Teleferic Barcelona,749143,Telefèric Barcelona (Palo Alto),2026-02-06 14:18:19.661502,16047256516,AEF51FA3,9a0f034c-fbe9-4414-8c4d-5b445daf555e,Order,Marketplace,NULL,151.50,12.46,0.00,0.00,-20.48,0.00,0.00,-0.99,-15.00,0.00,0.00,0.00,0.00,127.49,NULL,NULL
340740,Teleferic Barcelona,749143,Telefèric Barcelona (Palo Alto),2026-02-06 13:28:49.367181,16046711086,CC3DDD82,a1b74ac6-6f6d-4706-93e9-b7f3d88b4ece,Order,Marketplace,NULL,32.00,2.92,0.00,0.00,-4.80,0.00,0.00,-8.27,0.00,0.00,0.00,0.00,0.00,21.85,NULL,NULL
340740,Teleferic Barcelona,749143,Telefèric Barcelona (Palo Alto),2026-02-06 13:20:01.792743,16046624435,9BAFE50B,9a2242a5-2f66-4466-b5da-552f39610b85,Order,Marketplace,NULL,24.00,1.73,0.00,0.00,-1.14,0.00,0.00,-0.99,-5.00,0.00,0.00,0.00,0.00,18.60,NULL,NULL
340740,Teleferic Barcelona,749143,Telefèric Barcelona (Palo Alto),2026-02-06 12:38:53.462389,16046210804,8195940F,7cdf95d4-9ec6-48dd-b092-9c6484436dba,Order,Marketplace,NULL,46.00,2.83,0.00,0.00,-4.65,0.00,0.00,-12.82,-20.00,5.00,0.00,0.00,0.00,16.36,NULL,NULL
340740,Teleferic Barcelona,749143,Telefèric Barcelona (Palo Alto),2026-02-05 20:25:29.665863,16040993175,B6BEA694,b37227bd-6c45-4c65-9c90-9b648015b3b3,Order,Marketplace,NULL,69.00,5.38,0.00,0.00,-8.85,0.00,0.00,-12.81,-10.00,0.00,0.00,0.00,0.00,42.72,NULL,NULL
340740,Teleferic Barcelona,749143,Telefèric Barcelona (Palo Alto),2026-02-05 19:53:26.333556,16040730096,F5A3BA7E,672d075f-4eaf-4aa4-b3f7-6d92f6e01d3e,Order,Marketplace,NULL,30.00,2.74,0.00,0.00,-4.50,0.00,0.00,-4.91,0.00,0.00,0.00,0.00,0.00,23.33,NULL,NULL
340740,Teleferic Barcelona,749143,Telefèric Barcelona (Palo Alto),2026-02-05 19:38:46.021056,16040596584,3A5E7EC5,5465fba4-8780-4424-93b7-3cd69cfddbc2,Order,Storefront,NULL,50.00,4.56,0.00,0.00,0.00,-1.88,0.00,0.00,0.00,0.00,0.00,0.00,0.00,52.68,NULL,NULL
340740,Teleferic Barcelona,749143,Telefèric Barcelona (Palo Alto),2026-02-05 19:09:34.004791,16040292938,AB868D10,adfaf274-14ff-4da8-9f91-94327c1bf78e,Order,Marketplace,NULL,60.00,4.56,0.00,0.00,-3.00,0.00,0.00,-0.99,-10.00,0.00,0.00,0.00,0.00,50.57,NULL,NULL
340740,Teleferic Barcelona,749143,Telefèric Barcelona (Palo Alto),2026-02-05 16:59:38.717894,16038476609,EA313AFE,f0ba7189-dcc1-457d-8701-f3cced84986b,Order,Marketplace,NULL,48.00,3.92,0.00,0.00,-6.45,0.00,0.00,-12.92,-5.00,0.00,0.00,0.00,0.00,27.55,NULL,NULL
340740,Teleferic Barcelona,749143,Telefèric Barcelona (Palo Alto),2026-02-05 14:26:32.494969,16036204808,E12F2FC4,2008eb2e-fb7a-4697-a448-02d7bdaa3c3c,Order,Marketplace,NULL,82.00,4.75,0.00,0.00,-7.80,0.00,0.00,-11.51,-30.00,0.00,0.00,0.00,0.00,37.44,NULL,NULL
340740,Teleferic Barcelona,749143,Telefèric Barcelona (Palo Alto),2026-02-05 14:06:21.900817,16035996600,FC446767,4d7f5095-f46e-4f2e-ae11-c46bfb37a2cd,Order,Marketplace,NULL,80.00,5.38,0.00,0.00,-8.85,0.00,0.00,-10.81,-21.00,0.00,0.00,0.00,0.00,44.72,NULL,NULL
340740,Teleferic Barcelona,749143,Telefèric Barcelona (Palo Alto),2026-02-05 13:43:22.947073,16035767648,32958F4D,dd8f0a77-53b8-40e8-8c7f-e6dacd7e5090,Order,Marketplace,NULL,30.00,1.37,0.00,0.00,-2.25,0.00,0.00,-0.99,-15.00,0.00,0.00,0.00,0.00,13.13,NULL,NULL
340740,Teleferic Barcelona,749143,Telefèric Barcelona (Palo Alto),2026-02-05 13:42:05.83356,16035755527,C358D8D6,5fd23c1b-a113-4bff-aa4b-d993b0811519,Order,Marketplace,NULL,36.00,2.65,0.00,0.00,-4.35,0.00,0.00,-8.37,-7.00,0.00,0.00,0.00,0.00,18.93,NULL,NULL
340740,Teleferic Barcelona,749143,Telefèric Barcelona (Palo Alto),2026-02-05 12:59:44.324677,16035351381,8C5F82C1,c82e7b99-d068-4812-bf77-92b7312a514d,Order,Marketplace,NULL,104.00,7.30,0.00,0.00,-12.00,0.00,0.00,-0.99,-24.00,0.00,0.00,0.00,0.00,74.31,NULL,NULL
340740,Teleferic Barcelona,749143,Telefèric Barcelona (Palo Alto),2026-02-05 12:20:02.419988,16034976465,95DBAC88,553d3928-ba8c-4562-b207-11ef5c8bdf8e,Order,Marketplace,NULL,15.00,1.37,0.00,0.00,-2.25,0.00,0.00,0.00,0.00,0.00,0.00,0.00,0.00,14.12,NULL,NULL
340740,Teleferic Barcelona,749143,Telefèric Barcelona (Palo Alto),2026-02-05 12:14:44.960895,16034926523,18DE90F1,2ac6fd8c-d6fb-4503-bd9b-a46324da5823,Order,Marketplace,NULL,27.00,2.46,0.00,0.00,-4.05,0.00,0.00,0.00,0.00,0.00,0.00,0.00,0.00,25.41,NULL,NULL
340740,Teleferic Barcelona,749143,Telefèric Barcelona (Palo Alto),2026-02-05 12:11:47.645592,16034898602,1B7781B9,a1cfa1a5-1ed0-47ac-8994-6db91010d18e,Order,Marketplace,NULL,147.00,13.41,0.00,0.00,-22.05,0.00,0.00,0.00,0.00,0.00,0.00,0.00,0.00,138.36,NULL,NULL
340740,Teleferic Barcelona,749143,Telefèric Barcelona (Palo Alto),2026-02-05 11:58:10.176188,16034759586,62BB08B2,8e204f24-bd3b-4909-853c-a2b6b7b70832,Order,Marketplace,NULL,42.00,1.10,0.00,0.00,-1.80,0.00,0.00,-9.60,-30.00,0.00,0.00,0.00,0.00,1.70,NULL,NULL
340740,Teleferic Barcelona,749143,Telefèric Barcelona (Palo Alto),2026-02-04 19:10:37.997598,16029599606,12E25EA8,cf5f6a20-c984-43cc-8720-ece97a7edfcd,Order,Marketplace,NULL,50.00,3.65,0.00,0.00,-6.00,0.00,0.00,-10.59,-10.00,0.00,0.00,0.00,0.00,27.06,NULL,NULL
340740,Teleferic Barcelona,749143,Telefèric Barcelona (Palo Alto),2026-02-04 18:49:45.880299,16029369121,32569682,502ac906-7772-4a23-8bff-ea2eb810f88f,Order,Marketplace,NULL,56.00,4.20,0.00,0.00,-6.90,0.00,0.00,-11.97,-15.00,5.00,0.00,0.00,0.00,31.33,NULL,NULL
340740,Teleferic Barcelona,749143,Telefèric Barcelona (Palo Alto),2026-02-04 18:23:30.889128,16029052316,28EC86D3,3d544f65-7e64-467c-9b53-78dda1507c8a,Order,Marketplace,NULL,26.00,2.37,0.00,0.00,-3.90,0.00,0.00,-7.40,0.00,0.00,0.00,0.00,0.00,17.07,NULL,NULL
340740,Teleferic Barcelona,749143,Telefèric Barcelona (Palo Alto),2026-02-04 18:23:13.479558,16029048860,4CE7A26A,4246bcdf-c316-4c31-98d8-7f92a0160957,Order,Marketplace,NULL,52.00,3.83,0.00,0.00,-6.30,0.00,0.00,-0.99,-10.00,0.00,0.00,0.00,0.00,38.54,NULL,NULL
340740,Teleferic Barcelona,749143,Telefèric Barcelona (Palo Alto),2026-02-04 17:23:15.724037,16028216704,C233C564,5faa3116-5bdb-461b-9d26-83284dc008f2,Order,Marketplace,NULL,44.00,3.19,0.00,0.00,-5.25,0.00,0.00,-10.59,-9.00,0.00,0.00,0.00,0.00,22.35,NULL,NULL
340740,Teleferic Barcelona,749143,Telefèric Barcelona (Palo Alto),2026-02-04 17:20:10.418521,16028173581,86909951,ccba5875-f046-473d-8fb2-7f82eca65306,Order,Marketplace,NULL,51.00,1.92,0.00,0.00,-3.15,0.00,0.00,-3.01,-30.00,0.00,0.00,0.00,0.00,16.76,NULL,NULL
340740,Teleferic Barcelona,749143,Telefèric Barcelona (Palo Alto),2026-02-04 16:52:41.307779,16027772330,84A857D0,170202f2-7177-4a2e-a72b-43928207e2ce,Order,Marketplace,NULL,38.00,2.83,0.00,0.00,-4.65,0.00,0.00,-0.99,-7.00,0.00,0.00,0.00,0.00,28.19,NULL,NULL
340740,Teleferic Barcelona,749143,Telefèric Barcelona (Palo Alto),2026-02-04 16:13:21.644584,16027198414,51CFDE0A,6d07cd12-fba8-4776-b491-053bdad1bad3,Order,Marketplace,NULL,67.00,3.92,0.00,0.00,-6.45,0.00,0.00,-12.88,-24.00,0.00,0.00,0.00,0.00,27.59,NULL,NULL
340740,Teleferic Barcelona,749143,Telefèric Barcelona (Palo Alto),2026-02-04 13:51:02.23845,16025485073,D4920569,1548dbab-d640-4b40-a863-6d98d3acc7fe,Order,Marketplace,NULL,38.00,0.73,0.00,0.00,-1.20,0.00,0.00,-8.72,-30.00,0.00,0.00,0.00,0.00,-1.19,NULL,NULL
340740,Teleferic Barcelona,749143,Telefèric Barcelona (Palo Alto),2026-02-04 13:43:25.369121,16025412232,C0660613,0a50d065-4c19-4d5e-a8a3-94faf2766162,Order,Storefront,NULL,24.00,2.19,0.00,0.00,0.00,-1.06,0.00,0.00,0.00,0.00,0.00,0.00,0.00,25.13,NULL,NULL
340740,Teleferic Barcelona,749143,Telefèric Barcelona (Palo Alto),2026-02-04 12:17:39.136658,16024611517,17C8E680,66a2e23e-85b0-4792-bae7-3981443643d6,Order,Marketplace,NULL,40.00,3.65,0.00,0.00,-6.00,0.00,0.00,-7.94,0.00,0.00,0.00,0.00,0.00,29.71,NULL,NULL
340740,Teleferic Barcelona,749143,Telefèric Barcelona (Palo Alto),2026-02-04 12:01:06.587286,16024451189,563C4D36,a65548bd-4c5b-474a-b80e-a30dd223eed2,Order,Marketplace,NULL,36.00,3.29,0.00,0.00,-5.40,0.00,0.00,-3.00,0.00,0.00,0.00,0.00,0.00,30.89,NULL,NULL
340740,Teleferic Barcelona,749143,Telefèric Barcelona (Palo Alto),2026-02-04 11:43:34.519416,16024274937,849CE2B2,acd48d8d-f9d0-49d1-90b4-aa89b22ded9b,Order,Marketplace,NULL,27.00,2.46,0.00,0.00,-4.05,0.00,0.00,0.00,0.00,0.00,0.00,0.00,0.00,25.41,NULL,NULL
340740,Teleferic Barcelona,749143,Telefèric Barcelona (Palo Alto),2026-02-04 11:43:33.605137,16024274800,098C7351,9e64b027-23cd-4177-ad0f-0b4e8ff0db42,Order,Marketplace,NULL,42.00,1.92,0.00,0.00,-3.15,0.00,0.00,-7.19,-21.00,0.00,0.00,0.00,0.00,12.58,NULL,NULL
340740,Teleferic Barcelona,749143,Telefèric Barcelona (Palo Alto),2026-02-03 19:26:42.728771,16019657168,813FA5B5,aa325530-e778-4266-941a-44fe5c1682d4,Order,Marketplace,NULL,28.00,2.56,0.00,0.00,-4.20,0.00,0.00,0.00,0.00,0.00,0.00,0.00,0.00,26.36,NULL,NULL
340740,Teleferic Barcelona,749143,Telefèric Barcelona (Palo Alto),2026-02-03 19:17:11.534288,16019570556,761B4F1D,94a7581a-741d-4923-bce0-d95cb3cfe688,Order,Marketplace,NULL,52.00,3.83,0.00,0.00,-6.30,0.00,0.00,-5.12,-10.00,0.00,0.00,0.00,0.00,34.41,NULL,NULL
340740,Teleferic Barcelona,749143,Telefèric Barcelona (Palo Alto),2026-02-03 19:01:38.500709,16019416866,427514BC,d1c80859-2e8b-4a5f-b83b-4dd414c30b6d,Order,Marketplace,NULL,25.00,2.28,0.00,0.00,-3.75,0.00,0.00,-12.00,0.00,0.00,0.00,0.00,0.00,11.53,NULL,NULL
340740,Teleferic Barcelona,749143,Telefèric Barcelona (Palo Alto),2026-02-03 18:46:21.559876,16019251705,1F9E7DF3,f2a54369-fe33-44b6-928e-96f39d3e27e8,Order,Marketplace,NULL,82.00,6.57,0.00,0.00,-10.80,0.00,0.00,-0.99,-10.00,0.00,0.00,0.00,0.00,66.78,NULL,NULL
340740,Teleferic Barcelona,749143,Telefèric Barcelona (Palo Alto),2026-02-03 18:37:13.501702,16019147557,8D09388E,9b98ebb4-8867-462e-a79e-99546f4bbebf,Order,Marketplace,NULL,170.00,14.60,0.00,0.00,-24.00,0.00,0.00,-0.99,-10.00,0.00,0.00,0.00,0.00,149.61,NULL,NULL
340740,Teleferic Barcelona,749143,Telefèric Barcelona (Palo Alto),2026-02-03 18:36:52.008065,16019143452,C4E4057F,9d61bb44-b291-46e1-b995-4eff9513ff4b,Order,Marketplace,NULL,84.00,6.75,0.00,0.00,-4.44,0.00,0.00,-0.99,-10.00,0.00,0.00,0.00,0.00,75.32,NULL,NULL
340740,Teleferic Barcelona,749143,Telefèric Barcelona (Palo Alto),2026-02-03 18:27:14.801882,16019027589,DDED4280,0909bba0-e7cd-4753-935d-fee1e28a7d2b,Order,Marketplace,NULL,66.00,5.11,0.00,0.00,-8.40,0.00,0.00,-12.81,-10.00,0.00,0.00,0.00,0.00,39.90,NULL,NULL
340740,Teleferic Barcelona,749143,Telefèric Barcelona (Palo Alto),2026-02-03 17:54:09.060417,16018617045,6F5623CA,586d3c1d-b210-4bef-bdc0-1f028adba0ef,Order,Marketplace,NULL,93.00,7.57,0.00,0.00,-12.45,0.00,0.00,-4.78,-10.00,0.00,0.00,0.00,0.00,73.34,NULL,NULL
340740,Teleferic Barcelona,749143,Telefèric Barcelona (Palo Alto),2026-02-03 17:40:34.879455,16018442612,CCE1057B,c4793efc-e392-4c72-ac50-fd133a26be0b,Order,Marketplace,NULL,36.00,3.29,0.00,0.00,-5.40,0.00,0.00,0.00,0.00,0.00,0.00,0.00,0.00,33.89,NULL,NULL
340740,Teleferic Barcelona,749143,Telefèric Barcelona (Palo Alto),2026-02-03 17:17:48.485005,16018131290,0BBA33A6,5e2c993a-c4f9-4b73-845b-7232539cb0a3,Order,Marketplace,NULL,42.00,1.92,0.00,0.00,-3.15,0.00,0.00,-10.59,-21.00,0.00,0.00,0.00,0.00,9.18,NULL,NULL
340740,Teleferic Barcelona,749143,Telefèric Barcelona (Palo Alto),2026-02-03 17:02:20.600525,16017919451,CB053F79,4a409c11-b778-487b-a707-9c371fd6cf20,Order,Marketplace,NULL,25.00,2.28,0.00,0.00,-3.75,0.00,0.00,0.00,0.00,0.00,0.00,0.00,0.00,23.53,NULL,NULL
340740,Teleferic Barcelona,749143,Telefèric Barcelona (Palo Alto),2026-02-03 15:21:58.631406,16016558015,4F987000,358e7dad-f15e-432f-b7c0-a29768e12f45,Order,Marketplace,NULL,68.00,6.21,0.00,0.00,-10.20,0.00,0.00,-11.59,0.00,0.00,0.00,0.00,0.00,52.42,NULL,NULL
340740,Teleferic Barcelona,749143,Telefèric Barcelona (Palo Alto),2026-02-03 14:31:06.49776,16015981324,6505566C,11291cf9-51de-4ca5-bff2-0ff517bee2e4,Order,Marketplace,NULL,52.00,4.75,0.00,0.00,-7.80,0.00,0.00,-3.00,0.00,0.00,0.00,0.00,0.00,45.95,NULL,NULL
340740,Teleferic Barcelona,749143,Telefèric Barcelona (Palo Alto),2026-02-03 14:16:28.738899,16015832835,DE452408,da6e33ec-c0e0-4db3-a024-2b4c7f6e9b9f,Order,Marketplace,NULL,26.00,1.92,0.00,0.00,-3.15,0.00,0.00,-11.26,-5.00,0.00,0.00,0.00,0.00,8.51,NULL,NULL
340740,Teleferic Barcelona,749143,Telefèric Barcelona (Palo Alto),2026-02-03 13:54:54.349591,16015621504,2198BFAE,722d8c3f-58c2-4ad0-be1a-97702f2fddfe,Order,Marketplace,NULL,70.00,5.02,0.00,0.00,-8.25,0.00,0.00,-0.99,-15.00,0.00,0.00,0.00,0.00,50.78,NULL,NULL
340740,Teleferic Barcelona,749143,Telefèric Barcelona (Palo Alto),2026-02-03 13:25:31.766333,16015351782,A7046CC3,a289b151-7422-47e6-9594-4ec734fbb890,Order,Marketplace,NULL,53.00,4.20,0.00,0.00,-6.90,0.00,0.00,-0.99,-7.00,0.00,0.00,0.00,0.00,42.31,NULL,NULL
340740,Teleferic Barcelona,749143,Telefèric Barcelona (Palo Alto),2026-02-03 12:17:20.63596,16014735758,94ADDA7D,af9d11be-2cae-4386-a89c-484cb2a2c07b,Order,Marketplace,NULL,88.00,5.29,0.00,0.00,-8.70,0.00,0.00,0.00,-30.00,0.00,0.00,0.00,0.00,54.59,NULL,NULL
340740,Teleferic Barcelona,749143,Telefèric Barcelona (Palo Alto),2026-02-02 20:20:30.380652,16010400237,B1ED520D,6988da11-a871-4b67-a600-ba950e4e517a,Order,Marketplace,NULL,37.00,3.38,0.00,0.00,-5.55,0.00,0.00,-9.60,0.00,0.00,0.00,0.00,0.00,25.23,NULL,NULL
340740,Teleferic Barcelona,749143,Telefèric Barcelona (Palo Alto),2026-02-02 20:20:21.42124,16010399319,A8AA2E21,09343bcb-b6e1-42f9-b878-e41c4a8dee90,Order,Marketplace,NULL,30.00,1.37,0.00,0.00,-2.25,0.00,0.00,-12.29,-15.00,0.00,0.00,0.00,0.00,1.83,NULL,NULL
340740,Teleferic Barcelona,749143,Telefèric Barcelona (Palo Alto),2026-02-02 19:55:48.866401,16010222305,89C46C89,041b0379-c4fd-409c-9837-18396a4b6434,Order,Marketplace,NULL,38.00,1.73,0.00,0.00,-1.14,0.00,0.00,-12.95,-19.00,0.00,0.00,0.00,0.00,6.64,NULL,NULL
340740,Teleferic Barcelona,749143,Telefèric Barcelona (Palo Alto),2026-02-02 19:54:28.122306,16010212538,8E6F685C,6abd27fe-6079-4bc1-815c-28d93796b889,Order,Marketplace,NULL,48.00,3.38,0.00,0.00,-5.55,0.00,0.00,-12.99,-11.00,0.00,0.00,0.00,0.00,21.84,NULL,NULL
340740,Teleferic Barcelona,749143,Telefèric Barcelona (Palo Alto),2026-02-02 19:42:56.68319,16010123183,3641BA35,5a19dfe2-db84-4ae7-9c64-a7a3bd5e02a3,Order,Marketplace,NULL,34.00,2.65,0.00,0.00,-4.35,0.00,0.00,-0.99,-5.00,0.00,0.00,0.00,0.00,26.31,NULL,NULL
340740,Teleferic Barcelona,749143,Telefèric Barcelona (Palo Alto),2026-02-02 19:16:03.253795,16009887877,0C0C825C,18727118-29c9-4937-9d4b-7a0abfa23371,Order,Marketplace,NULL,78.00,4.38,0.00,0.00,-7.20,0.00,0.00,-9.60,-30.00,0.00,0.00,0.00,0.00,35.58,NULL,NULL
340740,Teleferic Barcelona,749143,Telefèric Barcelona (Palo Alto),2026-02-02 18:44:45.340249,16009574834,D37CF72D,8ee2a3ef-a157-4795-bff0-307323c1ffbb,Order,Marketplace,NULL,78.00,6.66,0.00,0.00,-10.95,0.00,0.00,-0.99,-5.00,0.00,0.00,0.00,0.00,67.72,NULL,NULL
340740,Teleferic Barcelona,749143,Telefèric Barcelona (Palo Alto),2026-02-02 18:26:22.321355,16009371266,7301F3EC,c56babbc-c2d5-43d5-b9a3-d3471272d818,Order,Marketplace,NULL,123.00,11.22,0.00,0.00,-18.45,0.00,0.00,0.00,0.00,0.00,0.00,0.00,0.00,115.77,NULL,NULL
340740,Teleferic Barcelona,749143,Telefèric Barcelona (Palo Alto),2026-02-02 18:17:12.068683,16009269531,4AE2B013,c0185358-b65f-4e05-8fd7-291052094ec2,Order,Marketplace,NULL,26.00,2.37,0.00,0.00,-3.90,0.00,0.00,-8.26,0.00,0.00,0.00,0.00,0.00,16.21,NULL,NULL
340740,Teleferic Barcelona,749143,Telefèric Barcelona (Palo Alto),2026-02-02 18:14:39.128075,16009239796,3AAAF7D0,c8a8afb3-78d2-4b59-8f56-bb9ac9cda618,Order,Storefront,NULL,36.00,2.63,0.00,0.00,0.00,-1.21,0.00,0.00,-7.20,0.00,0.00,0.00,0.00,30.22,NULL,NULL
340740,Teleferic Barcelona,749143,Telefèric Barcelona (Palo Alto),2026-02-02 17:56:20.915296,16009017883,F5CF8C0A,010fc116-8239-4a22-9f44-abc1aad730f2,Order,Marketplace,NULL,26.00,1.92,0.00,0.00,-2.52,0.00,0.00,-10.31,-5.00,0.00,0.00,0.00,0.00,10.09,NULL,NULL
340740,Teleferic Barcelona,749143,Telefèric Barcelona (Palo Alto),2026-02-02 17:49:50.28405,16008939578,7F8A8966,c8a69382-7884-4844-89a8-01cb2a13eda9,Order,Marketplace,NULL,48.00,3.92,0.00,0.00,-6.45,0.00,0.00,-0.99,-5.00,0.00,0.00,0.00,0.00,39.48,NULL,NULL
340740,Teleferic Barcelona,749143,Telefèric Barcelona (Palo Alto),2026-02-02 17:16:50.502212,16008519754,4545F9FD,c94457c8-3908-4378-a61e-bfb11f71bad5,Order,Marketplace,NULL,104.00,8.76,0.00,0.00,-14.40,0.00,0.00,-10.59,-8.00,0.00,0.00,0.00,0.00,79.77,NULL,NULL
340740,Teleferic Barcelona,749143,Telefèric Barcelona (Palo Alto),2026-02-02 16:48:40.131754,16008112009,41935B01,b4bc01c4-b7f6-44af-9065-2d7a129cb5ff,Order,Marketplace,NULL,29.00,1.98,0.00,0.00,-3.26,0.00,0.00,-9.71,-7.25,0.00,0.00,0.00,0.00,10.76,NULL,NULL
340740,Teleferic Barcelona,749143,Telefèric Barcelona (Palo Alto),2026-02-02 13:53:27.988423,16006088782,87E00E19,79df3c25-2029-4275-bb56-91b629730726,Order,Marketplace,NULL,38.00,2.60,0.00,0.00,-1.71,0.00,0.00,0.00,-9.50,0.00,0.00,0.00,0.00,29.39,NULL,NULL
340740,Teleferic Barcelona,749143,Telefèric Barcelona (Palo Alto),2026-02-02 13:21:20.17555,16005799148,8C61F805,807ff4df-3a19-4a1e-89cf-62260d7658be,Order,Marketplace,NULL,26.00,1.78,0.00,0.00,-1.17,0.00,0.00,0.00,-11.50,5.00,0.00,0.00,0.00,20.11,NULL,NULL
340740,Teleferic Barcelona,749143,Telefèric Barcelona (Palo Alto),2026-02-02 13:19:09.438771,16005780043,51E2BD00,04bbae77-084e-4110-b034-e39577c32f45,Order,Storefront,NULL,50.00,3.65,0.00,0.00,0.00,-1.57,0.00,0.00,-10.00,0.00,0.00,0.00,0.00,42.08,NULL,NULL
340740,Teleferic Barcelona,749143,Telefèric Barcelona (Palo Alto),2026-02-02 13:10:29.808194,16005705457,34F01BEA,09f2af39-ba23-4a95-b76d-b9fd8242269f,Order,Marketplace,NULL,30.00,2.05,0.00,0.00,-3.38,0.00,0.00,-11.72,-7.50,0.00,0.00,0.00,0.00,9.45,NULL,NULL
340740,Teleferic Barcelona,749143,Telefèric Barcelona (Palo Alto),2026-02-02 12:42:08.153968,16005458310,0DFCFA38,3b025c2b-136d-4089-b681-93b6e32a311b,Order,Marketplace,NULL,24.00,2.19,0.00,0.00,-2.88,0.00,0.00,0.00,0.00,0.00,0.00,0.00,0.00,23.31,NULL,NULL
340740,Teleferic Barcelona,749143,Telefèric Barcelona (Palo Alto),2026-02-02 11:54:03.346278,16005003245,04845FA9,9a50bb1c-3fd2-4eb8-ae29-f6de8e0a3e07,Order,Marketplace,NULL,41.00,2.81,0.00,0.00,-4.61,0.00,0.00,-12.86,-10.25,0.00,0.00,0.00,0.00,16.09,NULL,NULL
340740,Teleferic Barcelona,2795834,Telefèric Barcelona (Los Gatos),2026-02-08 19:42:33.318382,16074751712,C5EC19BA,931411ae-fcc4-4bbb-8b86-ba07634054b2,Order,Storefront,NULL,74.00,6.85,0.00,0.00,0.00,-2.64,0.00,0.00,0.00,0.00,0.00,0.00,0.00,78.21,NULL,NULL
340740,Teleferic Barcelona,2795834,Telefèric Barcelona (Los Gatos),2026-02-08 19:31:11.142127,16074662792,BCF7A2DD,5ed38057-abde-473f-b3fb-0bfa6c7c13a7,Order,Marketplace,NULL,26.00,2.41,0.00,0.00,-3.90,0.00,0.00,0.00,0.00,0.00,0.00,0.00,0.00,24.51,NULL,NULL
340740,Teleferic Barcelona,2795834,Telefèric Barcelona (Los Gatos),2026-02-08 19:12:03.628558,16074502604,4F5B6819,d1346925-c1e0-4a60-9b06-4d360d3ef587,Order,Marketplace,NULL,166.00,12.58,0.00,0.00,-20.40,0.00,0.00,0.00,-30.00,0.00,0.00,0.00,0.00,128.18,NULL,NULL
340740,Teleferic Barcelona,2795834,Telefèric Barcelona (Los Gatos),2026-02-08 18:32:49.761863,16074115928,F3D0736D,12b2e653-2726-46af-be92-344cc93806ad,Order,Marketplace,NULL,79.00,6.38,0.00,0.00,-10.35,0.00,0.00,-12.57,-10.00,0.00,0.00,0.00,0.00,52.46,NULL,NULL
340740,Teleferic Barcelona,2795834,Telefèric Barcelona (Los Gatos),2026-02-08 17:11:12.218673,16073058043,9F69B9B5,2963dfd5-ef89-4651-983b-72e17ec727fe,Order,Marketplace,NULL,46.50,4.30,0.00,0.00,-2.79,0.00,0.00,0.00,0.00,0.00,0.00,0.00,0.00,48.01,NULL,NULL
340740,Teleferic Barcelona,2795834,Telefèric Barcelona (Los Gatos),2026-02-08 16:20:01.741277,16072252222,A699EBFD,de1208b8-5320-4421-8e33-704688cb676d,Order,Storefront,NULL,181.50,16.79,0.00,0.00,0.00,-6.05,0.00,0.00,0.00,0.00,0.00,0.00,0.00,192.24,NULL,NULL
340740,Teleferic Barcelona,2795834,Telefèric Barcelona (Los Gatos),2026-02-08 15:27:09.835629,16071412805,51EE698D,ec6c6252-8de1-4f3e-90b5-4b445aff2408,Order,Storefront,NULL,65.00,6.01,0.00,0.00,0.00,-2.36,0.00,0.00,0.00,0.00,0.00,0.00,0.00,68.65,NULL,NULL
340740,Teleferic Barcelona,2795834,Telefèric Barcelona (Los Gatos),2026-02-08 14:02:53.487625,16070266126,FACD9EF7,af4bca08-c843-4890-8ce6-c291eb6f88f3,Order,Storefront,NULL,122.00,11.29,0.00,0.00,0.00,-4.17,0.00,0.00,0.00,0.00,0.00,0.00,0.00,129.12,NULL,NULL
340740,Teleferic Barcelona,2795834,Telefèric Barcelona (Los Gatos),2026-02-08 03:56:01.383674,16065723897,NULL,NULL,Fee,NULL,Tablet fee,0.00,0.00,0.00,0.00,0.00,-3.00,0.00,0.00,0.00,0.00,0.00,0.00,0.00,-3.00,NULL,NULL
340740,Teleferic Barcelona,2795834,Telefèric Barcelona (Los Gatos),2026-02-08 03:09:20.797889,16065639052,NULL,NULL,Fee,NULL,Printer fee,0.00,0.00,0.00,0.00,0.00,-3.15,0.00,0.00,0.00,0.00,0.00,0.00,0.00,-3.15,NULL,NULL
340740,Teleferic Barcelona,2795834,Telefèric Barcelona (Los Gatos),2026-02-07 22:03:44.234125,16064788377,825FAE4F,aac2ee00-14d9-4037-8a22-9ccc384fdd91,Error Charge,Marketplace,2 Patatas Bravas incorrect,0.00,0.00,0.00,0.00,0.00,0.00,0.00,0.00,0.00,0.00,0.00,-19.29,0.00,-19.29,NULL,NULL
340740,Teleferic Barcelona,2795834,Telefèric Barcelona (Los Gatos),2026-02-07 20:18:42.501565,16064018607,22997AE0,0059e968-7d5e-43da-82c2-18f374a9b606,Order,Marketplace,NULL,30.00,2.78,0.00,0.00,-4.50,0.00,0.00,0.00,0.00,0.00,0.00,0.00,0.00,28.28,NULL,NULL
340740,Teleferic Barcelona,2795834,Telefèric Barcelona (Los Gatos),2026-02-07 19:23:31.177032,16063435472,5262E880,90939afd-12cb-41fe-95c9-b189efaec2a8,Order,Marketplace,NULL,103.00,8.60,0.00,0.00,-13.95,0.00,0.00,-0.99,-10.00,0.00,0.00,0.00,0.00,86.66,NULL,NULL
340740,Teleferic Barcelona,2795834,Telefèric Barcelona (Los Gatos),2026-02-07 19:20:42.843196,16063403403,99EFF331,a757d1cd-3502-40eb-9912-0d6a01b83261,Order,Marketplace,NULL,82.00,6.66,0.00,0.00,-10.80,0.00,0.00,-0.99,-10.00,0.00,0.00,0.00,0.00,66.87,NULL,NULL
340740,Teleferic Barcelona,2795834,Telefèric Barcelona (Los Gatos),2026-02-07 18:08:09.379173,16062418616,AF4E9342,c67df8ad-68f2-4611-ac7a-df99f03aaeff,Order,Marketplace,NULL,712.00,63.64,0.00,0.00,-103.20,0.00,0.00,-0.99,-24.00,0.00,0.00,0.00,0.00,647.45,NULL,NULL
340740,Teleferic Barcelona,2795834,Telefèric Barcelona (Los Gatos),2026-02-07 17:39:23.691425,16061978170,0E44D5A7,1892d817-f942-4042-b173-6ded29b195ee,Order,Marketplace,NULL,95.00,7.86,0.00,0.00,-12.75,0.00,0.00,-10.59,-10.00,0.00,0.00,0.00,0.00,69.52,NULL,NULL
340740,Teleferic Barcelona,2795834,Telefèric Barcelona (Los Gatos),2026-02-07 17:10:59.467808,16061528459,51FBF1B1,7b1afd97-0080-441e-9ac2-c2b96a60fb37,Order,Marketplace,NULL,81.50,7.08,0.00,0.00,-11.48,0.00,0.00,-0.99,-5.00,0.00,0.00,0.00,0.00,71.11,NULL,NULL
340740,Teleferic Barcelona,2795834,Telefèric Barcelona (Los Gatos),2026-02-07 16:37:48.013306,16060996676,C2D2022A,657199e1-5f2f-405c-adee-94a8db9c3007,Order,Marketplace,NULL,94.00,5.37,0.00,0.00,-8.70,0.00,0.00,-0.99,-36.00,0.00,0.00,0.00,0.00,53.68,NULL,NULL
340740,Teleferic Barcelona,2795834,Telefèric Barcelona (Los Gatos),2026-02-07 16:08:48.106501,16060545131,468A7251,7429a6c5-4ba7-4887-8286-e18264c4c099,Order,Marketplace,NULL,45.00,2.78,0.00,0.00,-4.50,0.00,0.00,-0.99,-15.00,0.00,0.00,0.00,0.00,27.29,NULL,NULL
340740,Teleferic Barcelona,2795834,Telefèric Barcelona (Los Gatos),2026-02-07 16:06:10.763626,16060505037,825FAE4F,aac2ee00-14d9-4037-8a22-9ccc384fdd91,Order,Marketplace,NULL,40.00,2.87,0.00,0.00,-4.65,0.00,0.00,-0.99,-9.00,0.00,0.00,0.00,0.00,28.23,NULL,NULL
340740,Teleferic Barcelona,2795834,Telefèric Barcelona (Los Gatos),2026-02-07 15:20:40.802479,16059833611,80A13430,ca4fba90-35db-46f1-8a97-c6f01ce90833,Order,Marketplace,NULL,37.00,2.59,0.00,0.00,-4.20,0.00,0.00,-10.59,-9.00,0.00,0.00,0.00,0.00,15.80,NULL,NULL
340740,Teleferic Barcelona,2795834,Telefèric Barcelona (Los Gatos),2026-02-07 14:26:51.894323,16059123219,F0AA2A11,6e661443-5a77-4a00-86b3-b1a6cd5cc678,Order,Storefront,NULL,46.50,4.30,0.00,0.00,0.00,-1.77,0.00,0.00,0.00,0.00,0.00,0.00,0.00,49.03,NULL,NULL
340740,Teleferic Barcelona,2795834,Telefèric Barcelona (Los Gatos),2026-02-07 13:12:14.894356,16058274209,CCEAC084,4d7b9f79-e95c-4295-8628-c22b80299719,Order,Marketplace,NULL,60.00,2.78,0.00,0.00,-1.80,0.00,0.00,-0.99,-30.00,0.00,0.00,0.00,0.00,29.99,NULL,NULL
340740,Teleferic Barcelona,2795834,Telefèric Barcelona (Los Gatos),2026-02-06 22:13:47.670929,16053460525,96159E9E,125facd6-e92b-4ed9-ace8-97e20f2b4a06,Order,Marketplace,NULL,38.00,3.52,0.00,0.00,-5.70,0.00,0.00,0.00,0.00,0.00,0.00,0.00,0.00,35.82,NULL,NULL
340740,Teleferic Barcelona,2795834,Telefèric Barcelona (Los Gatos),2026-02-06 20:44:24.514784,16052849465,6DC4A5E2,329aa267-e5b6-405a-bdea-1bd482f2b9aa,Order,Marketplace,NULL,62.00,4.81,0.00,0.00,-7.80,0.00,0.00,-0.99,-10.00,0.00,0.00,0.00,0.00,48.02,NULL,NULL
340740,Teleferic Barcelona,2795834,Telefèric Barcelona (Los Gatos),2026-02-06 20:17:54.685516,16052605228,DE6B3850,af8125a2-5a02-4788-a78c-307393753e00,Order,Marketplace,NULL,99.00,9.16,0.00,0.00,-5.94,0.00,0.00,-10.29,0.00,0.00,0.00,0.00,0.00,91.93,NULL,NULL
340740,Teleferic Barcelona,2795834,Telefèric Barcelona (Los Gatos),2026-02-06 20:08:34.095897,16052512547,01E4288E,13e27ba7-687a-4f04-8ef4-59fe476d8c8d,Order,Storefront,NULL,32.00,2.96,0.00,0.00,0.00,-1.31,0.00,0.00,0.00,0.00,0.00,0.00,0.00,33.65,NULL,NULL
340740,Teleferic Barcelona,2795834,Telefèric Barcelona (Los Gatos),2026-02-06 20:07:09.023823,16052497987,C698C4F9,a85ec884-046a-4e06-b1f3-93687c53370a,Order,Marketplace,NULL,114.00,9.62,0.00,0.00,-6.24,0.00,0.00,-0.99,-10.00,0.00,0.00,0.00,0.00,106.39,NULL,NULL
340740,Teleferic Barcelona,2795834,Telefèric Barcelona (Los Gatos),2026-02-06 20:06:02.186331,16052486319,662C2C6B,eba33793-ce0f-4fb4-ae0e-307186ae892b,Order,Marketplace,NULL,75.00,6.01,0.00,0.00,-9.75,0.00,0.00,-0.99,-10.00,0.00,0.00,0.00,0.00,60.27,NULL,NULL
340740,Teleferic Barcelona,2795834,Telefèric Barcelona (Los Gatos),2026-02-06 20:04:02.81144,16052465372,D4537C3F,5fc5742a-7aa5-4398-8e14-44165e2d23af,Order,Marketplace,NULL,58.00,4.44,0.00,0.00,-7.20,0.00,0.00,-0.99,-10.00,0.00,0.00,0.00,0.00,44.25,NULL,NULL
340740,Teleferic Barcelona,2795834,Telefèric Barcelona (Los Gatos),2026-02-06 19:14:38.105461,16051875040,E1C100EF,f27c5a12-c835-44e3-8447-6a7197bbf98f,Order,Marketplace,NULL,39.00,0.83,0.00,0.00,-0.54,0.00,0.00,0.00,-35.00,5.00,0.00,0.00,0.00,9.29,NULL,NULL
340740,Teleferic Barcelona,2795834,Telefèric Barcelona (Los Gatos),2026-02-06 19:12:48.560838,16051851608,802CDCD3,9838055f-8ea7-4dd1-9132-40735b28c8fb,Order,Storefront,NULL,83.00,7.68,0.00,0.00,0.00,-2.93,0.00,0.00,0.00,0.00,0.00,0.00,0.00,87.75,NULL,NULL
340740,Teleferic Barcelona,2795834,Telefèric Barcelona (Los Gatos),2026-02-06 19:07:01.74416,16051770769,C9E12706,c9bb1ca9-074d-4d8b-bf6d-9ac955f7ebbd,Order,Marketplace,NULL,56.00,4.26,0.00,0.00,-6.90,0.00,0.00,-9.39,-10.00,0.00,0.00,0.00,0.00,33.97,NULL,NULL
340740,Teleferic Barcelona,2795834,Telefèric Barcelona (Los Gatos),2026-02-06 19:03:36.636319,16051723978,FC0F769B,672f8168-16f1-465c-b7cd-d395b4e123d3,Order,Marketplace,NULL,69.00,5.46,0.00,0.00,-8.85,0.00,0.00,-0.99,-15.00,5.00,0.00,0.00,0.00,54.62,NULL,NULL
340740,Teleferic Barcelona,2795834,Telefèric Barcelona (Los Gatos),2026-02-06 18:44:55.225879,16051452818,F2A92ABA,524899f2-8cfa-4a50-8ad9-9e54bb7d6585,Order,Marketplace,NULL,186.00,16.28,0.00,0.00,-21.12,0.00,0.00,-0.99,-10.00,0.00,0.00,0.00,0.00,170.17,NULL,NULL
340740,Teleferic Barcelona,2795834,Telefèric Barcelona (Los Gatos),2026-02-06 18:09:29.933611,16050895796,ECC5A0C0,5c444ead-f60f-4787-8c69-7fdb0a5a5fef,Order,Marketplace,NULL,73.00,5.83,0.00,0.00,-9.45,0.00,0.00,-12.83,-10.00,0.00,0.00,0.00,0.00,46.55,NULL,NULL
340740,Teleferic Barcelona,2795834,Telefèric Barcelona (Los Gatos),2026-02-06 17:07:34.826615,16049834080,B4952319,fa3e28d8-2e42-41bb-9630-ddcfac2f0308,Order,Marketplace,NULL,48.00,3.98,0.00,0.00,-6.45,0.00,0.00,-0.99,-5.00,0.00,0.00,0.00,0.00,39.54,NULL,NULL
340740,Teleferic Barcelona,2795834,Telefèric Barcelona (Los Gatos),2026-02-06 16:06:01.164648,16048776622,0BCCB34B,32a67655-fc7d-4d51-8c46-f6468c46906c,Order,Storefront,NULL,150.00,13.88,0.00,0.00,0.00,-5.05,0.00,0.00,0.00,0.00,0.00,0.00,0.00,158.83,NULL,NULL
340740,Teleferic Barcelona,2795834,Telefèric Barcelona (Los Gatos),2026-02-06 14:01:38.660521,16047067841,9371893E,6e660643-ebb3-40ff-ba78-871dc60d63a1,Order,Marketplace,NULL,28.00,1.76,0.00,0.00,-2.85,0.00,0.00,-11.78,-9.00,0.00,0.00,0.00,0.00,6.13,NULL,NULL
340740,Teleferic Barcelona,2795834,Telefèric Barcelona (Los Gatos),2026-02-05 22:14:03.364215,16041611359,F3893156,428fa722-f1be-4a2d-bc91-e6fb916ed7b6,Order,Storefront,NULL,72.00,6.66,0.00,0.00,0.00,-2.58,0.00,0.00,0.00,0.00,0.00,0.00,0.00,76.08,NULL,NULL
340740,Teleferic Barcelona,2795834,Telefèric Barcelona (Los Gatos),2026-02-05 19:20:40.6779,16040410238,25008405,3d7609d9-be96-471c-8eb2-5961ed61c8dd,Order,Marketplace,NULL,88.00,7.22,0.00,0.00,-11.70,0.00,0.00,-0.99,-10.00,0.00,0.00,0.00,0.00,72.53,NULL,NULL
340740,Teleferic Barcelona,2795834,Telefèric Barcelona (Los Gatos),2026-02-05 19:11:38.958303,16040314935,E51A8444,f2ce6768-a92d-48a3-90ab-781ef083e243,Order,Marketplace,NULL,55.00,4.16,0.00,0.00,-6.75,0.00,0.00,-12.29,-10.00,0.00,0.00,0.00,0.00,30.12,NULL,NULL
340740,Teleferic Barcelona,2795834,Telefèric Barcelona (Los Gatos),2026-02-05 18:26:31.406626,16039756368,612BD0FF,1d6627a8-39d6-4b90-b326-cd9904b35b66,Order,Marketplace,NULL,74.00,5.92,0.00,0.00,-9.60,0.00,0.00,-11.31,-10.00,0.00,0.00,0.00,0.00,49.01,NULL,NULL
340740,Teleferic Barcelona,2795834,Telefèric Barcelona (Los Gatos),2026-02-05 17:28:21.874813,16038919458,0189145D,288498d8-81f0-4c2d-9471-cc98ee38fb93,Order,Marketplace,NULL,96.00,6.11,0.00,0.00,-3.96,0.00,0.00,-0.99,-30.00,0.00,0.00,0.00,0.00,67.16,NULL,NULL
340740,Teleferic Barcelona,2795834,Telefèric Barcelona (Los Gatos),2026-02-05 17:06:40.640624,16038591548,215D8C87,e936dc73-715e-4a3f-9b85-a8ddb921cb14,Order,Marketplace,NULL,68.00,5.18,0.00,0.00,-3.36,0.00,0.00,-10.59,-12.00,0.00,0.00,0.00,0.00,47.23,NULL,NULL
340740,Teleferic Barcelona,2795834,Telefèric Barcelona (Los Gatos),2026-02-05 14:20:21.288798,16036140175,860D59CD,19f7e33c-22ac-47fa-bb30-e0d9d5191877,Order,Marketplace,NULL,34.00,2.31,0.00,0.00,-3.75,0.00,0.00,-10.25,-9.00,0.00,0.00,0.00,0.00,13.31,NULL,NULL
340740,Teleferic Barcelona,2795834,Telefèric Barcelona (Los Gatos),2026-02-04 20:40:06.35918,16030350902,C4E1B5F5,2d80cc5f-e861-438c-97b0-91a51ecdf30f,Order,Storefront,NULL,122.00,11.29,0.00,0.00,0.00,-4.17,0.00,0.00,0.00,0.00,0.00,0.00,0.00,129.12,NULL,NULL
340740,Teleferic Barcelona,2795834,Telefèric Barcelona (Los Gatos),2026-02-04 18:37:28.941981,16029226677,83AD4BAD,fbd260f2-1e8c-4833-bf5d-904c4f562044,Order,Marketplace,NULL,114.00,7.77,0.00,0.00,-5.04,0.00,0.00,0.00,-30.00,0.00,0.00,0.00,0.00,86.73,NULL,NULL
340740,Teleferic Barcelona,2795834,Telefèric Barcelona (Los Gatos),2026-02-04 17:20:20.571914,16028176220,A08A9772,e0a99f19-bc69-427a-a912-6cec967253bf,Order,Marketplace,NULL,77.00,4.63,0.00,0.00,-6.00,0.00,0.00,-10.59,-27.00,0.00,0.00,0.00,0.00,38.04,NULL,NULL
340740,Teleferic Barcelona,2795834,Telefèric Barcelona (Los Gatos),2026-02-04 13:00:28.999141,16025008083,CC0E1436,0ebaa2fa-ad3d-469f-b0e3-eed04644749e,Order,Marketplace,NULL,45.00,4.16,0.00,0.00,-6.75,0.00,0.00,-7.32,0.00,0.00,0.00,0.00,0.00,35.09,NULL,NULL
340740,Teleferic Barcelona,2795834,Telefèric Barcelona (Los Gatos),2026-02-03 19:06:58.644894,16019470915,B0DE5E6C,d4fd386e-083d-48f7-a8bf-60ce69a8101b,Order,Marketplace,NULL,91.00,7.49,0.00,0.00,-12.15,0.00,0.00,-10.59,-10.00,0.00,0.00,0.00,0.00,65.75,NULL,NULL
340740,Teleferic Barcelona,2795834,Telefèric Barcelona (Los Gatos),2026-02-03 18:39:32.204668,16019173421,FA0B9D04,3b3ec750-573e-4843-9bf5-efb90e6e04f8,Order,Marketplace,NULL,60.00,4.63,0.00,0.00,-7.50,0.00,0.00,-5.92,-15.00,5.00,0.00,0.00,0.00,41.21,NULL,NULL
340740,Teleferic Barcelona,2795834,Telefèric Barcelona (Los Gatos),2026-02-03 17:40:39.829343,16018443679,C4EE9789,e8277b64-a3d5-4e3d-b47a-ca51d76611f7,Order,Marketplace,NULL,257.00,20.44,0.00,0.00,-33.15,0.00,0.00,-0.99,-41.00,5.00,0.00,0.00,0.00,207.30,NULL,NULL
340740,Teleferic Barcelona,2795834,Telefèric Barcelona (Los Gatos),2026-02-03 12:32:52.637389,16014882343,DBC154AE,1d89407c-bea4-4144-87bc-b1025956cf4d,Order,Marketplace,NULL,96.00,8.23,0.00,0.00,-10.68,0.00,0.00,-0.99,-7.00,0.00,0.00,0.00,0.00,85.56,NULL,NULL
340740,Teleferic Barcelona,2795834,Telefèric Barcelona (Los Gatos),2026-02-03 11:53:11.832303,16014507311,645248A4,ac3c9d47-92a1-49b0-aec7-11003715f85f,Order,Marketplace,NULL,38.00,3.05,0.00,0.00,-4.95,0.00,0.00,-0.99,-5.00,0.00,0.00,0.00,0.00,30.11,NULL,NULL
340740,Teleferic Barcelona,2795834,Telefèric Barcelona (Los Gatos),2026-02-02 20:39:47.506654,16010524344,5890B6CC,99d6f513-88c9-470f-b81d-699a0738179b,Order,Storefront,NULL,77.00,6.11,0.00,0.00,0.00,-2.39,0.00,0.00,-11.00,0.00,0.00,0.00,0.00,69.72,NULL,NULL
340740,Teleferic Barcelona,2795834,Telefèric Barcelona (Los Gatos),2026-02-02 19:00:34.988186,16009741326,C87B3F86,5b735a27-b819-4de3-9b2a-8f18ebb727ef,Order,Marketplace,NULL,38.00,3.52,0.00,0.00,-5.70,0.00,0.00,-12.00,0.00,0.00,0.00,0.00,0.00,23.82,NULL,NULL
340740,Teleferic Barcelona,2795834,Telefèric Barcelona (Los Gatos),2026-02-02 18:35:53.041667,16009481455,16805040,da1fb76b-fdf8-4dc1-b71b-074a14882397,Order,Marketplace,NULL,28.00,2.59,0.00,0.00,-4.20,0.00,0.00,-9.60,0.00,0.00,0.00,0.00,0.00,16.79,NULL,NULL
340740,Teleferic Barcelona,2795834,Telefèric Barcelona (Los Gatos),2026-02-02 17:19:36.102254,16008554978,9359100D,3864ae1e-10d9-40e3-aa4a-1c2eb89d2df5,Order,Marketplace,NULL,51.00,3.98,0.00,0.00,-6.45,0.00,0.00,-0.99,-8.00,0.00,0.00,0.00,0.00,39.54,NULL,NULL
340740,Teleferic Barcelona,2795834,Telefèric Barcelona (Los Gatos),2026-02-02 14:13:59.134851,16006283232,5A50DDDC,db6d2afc-a95e-4c9e-aed2-340cb37f28c2,Order,Marketplace,NULL,127.00,10.82,0.00,0.00,-17.55,0.00,0.00,-11.48,-15.00,5.00,0.00,0.00,0.00,98.79,NULL,NULL
340740,Teleferic Barcelona,2795834,Telefèric Barcelona (Los Gatos),2026-02-02 12:28:37.636334,16005332520,00B67E6A,b6852c75-3364-410d-9499-1a969fc9b0af,Order,Marketplace,NULL,38.00,2.64,0.00,0.00,-4.28,0.00,0.00,0.00,-9.50,0.00,0.00,0.00,0.00,26.86,NULL,NULL
340740,Teleferic Barcelona,24871945,Telefèric Barcelona (Los Angeles),2026-02-08 17:09:52.613061,16073035442,57D2EF12,fee051ab-b276-4190-a288-1bb649450c3e,Order,Marketplace,NULL,49.00,3.51,0.00,0.00,-5.40,0.00,0.00,-0.99,-13.00,0.00,0.00,0.00,0.00,33.12,NULL,NULL
340740,Teleferic Barcelona,24871945,Telefèric Barcelona (Los Angeles),2026-02-08 14:35:12.121626,16070679778,CE125D7D,070e60c8-152c-4089-9adf-012b734c829f,Order,Marketplace,NULL,61.00,5.95,0.00,0.00,-9.15,0.00,0.00,-9.60,0.00,0.00,0.00,0.00,0.00,48.20,NULL,NULL
340740,Teleferic Barcelona,24871945,Telefèric Barcelona (Los Angeles),2026-02-08 13:07:08.7264,16069607761,F8BA68AD,32cecf1b-19e8-4b28-bb67-3ec9d7b03459,Order,Marketplace,NULL,48.00,2.34,0.00,0.00,-3.60,0.00,0.00,-10.50,-24.00,0.00,0.00,0.00,0.00,12.24,NULL,NULL
340740,Teleferic Barcelona,24871945,Telefèric Barcelona (Los Angeles),2026-02-08 04:11:16.247861,16065760842,NULL,NULL,Fee,NULL,Tablet fee,0.00,0.00,0.00,0.00,0.00,-6.00,0.00,0.00,0.00,0.00,0.00,0.00,0.00,-6.00,NULL,NULL
340740,Teleferic Barcelona,24871945,Telefèric Barcelona (Los Angeles),2026-02-07 18:23:06.403736,16062636163,B80FE461,a19e8075-9803-44c3-884a-5464227a0594,Order,Marketplace,NULL,96.00,8.09,0.00,0.00,-12.45,0.00,0.00,-12.39,-13.00,0.00,0.00,0.00,0.00,66.25,NULL,NULL
340740,Teleferic Barcelona,24871945,Telefèric Barcelona (Los Angeles),2026-02-07 18:07:56.417234,16062415124,8A0CE134,53ad7d9a-38c8-4fd8-8a83-3a4a09a2844b,Order,Storefront,NULL,59.00,5.75,0.00,0.00,0.00,-2.18,0.00,0.00,0.00,0.00,0.00,0.00,0.00,62.57,NULL,NULL
340740,Teleferic Barcelona,24871945,Telefèric Barcelona (Los Angeles),2026-02-07 17:52:13.738317,16062174824,FA4A26FA,ba316a72-5357-41b3-bb3a-368e38fadb99,Order,Marketplace,NULL,122.00,9.56,0.00,0.00,-5.88,0.00,0.00,-0.99,-24.00,0.00,0.00,0.00,0.00,100.69,NULL,NULL
340740,Teleferic Barcelona,24871945,Telefèric Barcelona (Los Angeles),2026-02-07 12:51:20.383589,16058046091,E302E76E,3c4b55fc-7a15-4724-87c6-f076463006a3,Order,Marketplace,NULL,34.00,2.32,0.00,0.00,-3.57,0.00,0.00,-0.99,-10.20,0.00,0.00,0.00,0.00,21.56,NULL,NULL
340740,Teleferic Barcelona,24871945,Telefèric Barcelona (Los Angeles),2026-02-06 19:37:36.989413,16052165815,463C1AF2,a054db9d-2b56-4800-8b21-b57aaf8693fa,Order,Marketplace,NULL,63.00,6.14,0.00,0.00,-9.45,0.00,0.00,0.00,0.00,0.00,0.00,0.00,0.00,59.69,NULL,NULL
340740,Teleferic Barcelona,24871945,Telefèric Barcelona (Los Angeles),2026-02-06 18:54:49.508277,16051595536,D2DA80A0,aa78138d-a25a-4a3f-8e33-9e4f05b4ea76,Order,Marketplace,NULL,105.00,8.97,0.00,0.00,-13.80,0.00,0.00,-0.99,-13.00,0.00,0.00,0.00,0.00,86.18,NULL,NULL
340740,Teleferic Barcelona,24871945,Telefèric Barcelona (Los Angeles),2026-02-06 18:45:01.890602,16051454607,A3B54338,951bfa90-97b7-4eff-9259-80190c6d80c0,Order,Storefront,NULL,130.00,12.68,0.00,0.00,0.00,-4.44,0.00,0.00,0.00,0.00,0.00,0.00,0.00,138.24,NULL,NULL
340740,Teleferic Barcelona,24871945,Telefèric Barcelona (Los Angeles),2026-02-06 18:15:43.231812,16050997308,E6C8E773,468f7c1f-9f72-428a-a6d4-d6c496625c56,Order,Marketplace,NULL,84.50,7.26,0.00,0.00,-11.18,0.00,0.00,-12.26,-10.00,0.00,0.00,0.00,0.00,58.32,NULL,NULL
340740,Teleferic Barcelona,24871945,Telefèric Barcelona (Los Angeles),2026-02-06 17:39:30.582796,16050391435,189D23E7,9eb1de8a-b0b6-4e4b-b48b-ec40318dc0a0,Order,Marketplace,NULL,34.00,2.32,0.00,0.00,-3.57,0.00,0.00,-0.99,-10.20,0.00,0.00,0.00,0.00,21.56,NULL,NULL
340740,Teleferic Barcelona,24871945,Telefèric Barcelona (Los Angeles),2026-02-06 13:49:59.823307,16046937941,9B395073,c3bf3a65-fdbb-4a8d-bc88-455375ba1525,Order,Marketplace,NULL,55.00,3.90,0.00,0.00,-6.00,0.00,0.00,-0.99,-15.00,0.00,0.00,0.00,0.00,36.91,NULL,NULL
340740,Teleferic Barcelona,24871945,Telefèric Barcelona (Los Angeles),2026-02-05 19:49:14.318205,16040693283,EF079003,4cf261f0-e5a9-4c5e-bf49-83703940c376,Order,Marketplace,NULL,69.00,5.75,0.00,0.00,-8.85,0.00,0.00,-9.39,-10.00,0.00,0.00,0.00,0.00,46.51,NULL,NULL
340740,Teleferic Barcelona,24871945,Telefèric Barcelona (Los Angeles),2026-02-05 19:24:29.599024,16040448790,5F6F68AB,1a6798ac-d242-4fa0-98bb-9dc08dd119f0,Order,Marketplace,NULL,34.00,2.32,0.00,0.00,-1.43,0.00,0.00,-0.99,-10.20,0.00,0.00,0.00,0.00,23.70,NULL,NULL
340740,Teleferic Barcelona,24871945,Telefèric Barcelona (Los Angeles),2026-02-05 16:27:26.57852,16037935187,EC0A4D3C,6c0db05e-8b22-45ea-8331-92086bfdf501,Order,Marketplace,NULL,155.00,13.85,0.00,0.00,-17.04,0.00,0.00,-0.99,-13.00,0.00,0.00,0.00,0.00,137.82,NULL,NULL
340740,Teleferic Barcelona,24871945,Telefèric Barcelona (Los Angeles),2026-02-05 13:27:53.346748,16035615103,0D02F217,e40876fa-5b4d-48cf-98e1-2eb94ae408f6,Order,Marketplace,NULL,28.00,1.85,0.00,0.00,-2.85,0.00,0.00,-0.99,-14.00,5.00,0.00,0.00,0.00,17.01,NULL,NULL
340740,Teleferic Barcelona,24871945,Telefèric Barcelona (Los Angeles),2026-02-04 19:03:00.899636,16029518969,A08B564C,bcd26fe5-5c16-4e4e-9176-4e7c471edd0a,Order,Marketplace,NULL,30.00,2.05,0.00,0.00,-3.15,0.00,0.00,-12.96,-9.00,0.00,0.00,0.00,0.00,6.94,NULL,NULL
340740,Teleferic Barcelona,24871945,Telefèric Barcelona (Los Angeles),2026-02-04 16:39:50.64604,16027588062,93678970,1b1da93f-2fec-4801-835e-4955a0ee39f8,Order,Marketplace,NULL,77.00,6.24,0.00,0.00,-9.60,0.00,0.00,-10.59,-13.00,0.00,0.00,0.00,0.00,50.05,NULL,NULL
340740,Teleferic Barcelona,24871945,Telefèric Barcelona (Los Angeles),2026-02-04 12:12:57.087752,16024567661,8EC9C72F,1993a100-99aa-4fdd-a727-670fd0de8749,Order,Marketplace,NULL,41.00,3.32,0.00,0.00,-5.10,0.00,0.00,-0.99,-7.00,0.00,0.00,0.00,0.00,31.23,NULL,NULL
340740,Teleferic Barcelona,24871945,Telefèric Barcelona (Los Angeles),2026-02-03 18:42:16.482262,16019206691,82AB6FE5,3fa9f63c-bd30-48b8-8eb7-ecbdb42b4757,Order,Marketplace,NULL,59.00,4.78,0.00,0.00,-7.35,0.00,0.00,-5.05,-10.00,0.00,0.00,0.00,0.00,41.38,NULL,NULL
340740,Teleferic Barcelona,24871945,Telefèric Barcelona (Los Angeles),2026-02-03 11:38:12.95342,16014363281,2924554A,0dd941d6-baf5-4749-b91b-ef4f83d6113e,Order,Marketplace,NULL,62.00,4.78,0.00,0.00,-5.88,0.00,0.00,-0.99,-13.00,0.00,0.00,0.00,0.00,46.91,NULL,NULL
340740,Teleferic Barcelona,24871945,Telefèric Barcelona (Los Angeles),2026-02-02 19:57:54.889284,16010237682,226F63F0,80f3cafc-90ff-4d8e-b6e8-9bdeb446532b,Order,Marketplace,NULL,90.00,4.39,0.00,0.00,-5.40,0.00,0.00,-10.59,-45.00,0.00,0.00,0.00,0.00,33.40,NULL,NULL
340740,Teleferic Barcelona,24871945,Telefèric Barcelona (Los Angeles),2026-02-02 19:46:07.840217,16010148835,BA888A58,b8324b58-cb99-439d-a4af-9856da1890e3,Order,Marketplace,NULL,38.00,2.83,0.00,0.00,-4.35,0.00,0.00,-10.92,-9.00,0.00,0.00,0.00,0.00,16.56,NULL,NULL
340740,Teleferic Barcelona,24871945,Telefèric Barcelona (Los Angeles),2026-02-02 18:54:13.583947,16009674283,E06B6254,5fea8bf9-4300-4eeb-b674-3dcc824f14f3,Order,Marketplace,NULL,36.00,2.63,0.00,0.00,-4.05,0.00,0.00,-12.68,-9.00,0.00,0.00,0.00,0.00,12.90,NULL,NULL
340740,Teleferic Barcelona,24871945,Telefèric Barcelona (Los Angeles),2026-02-02 15:08:00.744139,16006847825,32722567,b9177560-234b-456b-89bb-344b280d240c,Order,Marketplace,NULL,196.00,17.84,0.00,0.00,-27.45,0.00,0.00,-0.99,-13.00,0.00,0.00,0.00,0.00,172.40,NULL,NULL
340740,Teleferic Barcelona,30933612,Telefèric Barcelona (Long Beach),2026-02-08 20:28:12.652813,16075060688,F958BBB1,9bbaa4c1-59ae-475c-b62c-360e338dc8f0,Order,Marketplace,NULL,54.00,4.62,0.00,0.00,-6.60,0.00,0.00,-9.73,-10.00,0.00,0.00,0.00,0.00,32.29,NULL,NULL
340740,Teleferic Barcelona,30933612,Telefèric Barcelona (Long Beach),2026-02-08 18:10:48.940637,16073863084,8764678F,216d1692-4a3b-481a-bac7-8f3b39257cdd,Order,Marketplace,NULL,58.00,5.04,0.00,0.00,-7.20,0.00,0.00,-11.88,-10.00,0.00,0.00,0.00,0.00,33.96,NULL,NULL
340740,Teleferic Barcelona,30933612,Telefèric Barcelona (Long Beach),2026-02-08 17:38:26.692012,16073446373,57E78FAA,9e8aaf09-c93f-4264-a362-51e97199b754,Order,Marketplace,NULL,40.00,3.68,0.00,0.00,-5.25,0.00,0.00,-0.99,-5.00,0.00,0.00,0.00,0.00,32.44,NULL,NULL
340740,Teleferic Barcelona,30933612,Telefèric Barcelona (Long Beach),2026-02-08 15:25:02.092579,16071381046,E70853B5,8feace9f-c918-43ca-9fe8-2fccf738ff18,Order,Storefront,NULL,99.00,10.40,0.00,0.00,0.00,-3.47,0.00,0.00,0.00,0.00,0.00,0.00,0.00,105.93,NULL,NULL
340740,Teleferic Barcelona,30933612,Telefèric Barcelona (Long Beach),2026-02-08 12:44:26.428267,16069355967,C4648D20,b1544a41-1731-4885-82e4-db35d43c23ce,Order,Marketplace,NULL,58.00,6.09,0.00,0.00,-8.70,0.00,0.00,-10.09,0.00,0.00,0.00,0.00,0.00,45.30,NULL,NULL
340740,Teleferic Barcelona,30933612,Telefèric Barcelona (Long Beach),2026-02-08 04:34:32.928029,16065825845,NULL,NULL,Fee,NULL,Tablet fee,0.00,0.00,0.00,0.00,0.00,-6.00,0.00,0.00,0.00,0.00,0.00,0.00,0.00,-6.00,NULL,NULL
340740,Teleferic Barcelona,30933612,Telefèric Barcelona (Long Beach),2026-02-03 19:53:25.558866,16019891897,B59FC898,29a61ffc-4ca8-46f2-9ccd-92865d8f6762,Order,Marketplace,NULL,52.00,4.41,0.00,0.00,-5.04,0.00,0.00,-6.33,-10.00,0.00,0.00,0.00,0.00,35.04,NULL,NULL
340740,Teleferic Barcelona,30933612,Telefèric Barcelona (Long Beach),2026-02-02 17:54:20.048189,16008993925,FF470C0E,5bbbc9c5-d358-4ed5-b836-a0f0b59bfd73,Order,Marketplace,NULL,91.00,6.41,0.00,0.00,-9.15,0.00,0.00,-10.69,-30.00,0.00,0.00,0.00,0.00,47.57,NULL,NULL
340740,Teleferic Barcelona,36275425,Telefèric Barcelona (Roseville),2026-02-08 17:52:30.513265,16073627805,720355B3,dd367a08-f11b-4f2c-9095-c49beafc3612,Order,Marketplace,NULL,110.00,5.74,0.00,0.00,-11.10,0.00,0.00,-0.99,-36.00,0.00,0.00,0.00,0.00,67.65,NULL,NULL
340740,Teleferic Barcelona,36275425,Telefèric Barcelona (Roseville),2026-02-07 14:06:24.785144,16058881500,C0211FDC,d45d7c0a-ac8f-449a-92e6-8e06514c369a,Order,Marketplace,NULL,46.00,2.87,0.00,0.00,-5.55,0.00,0.00,-11.94,-9.00,0.00,0.00,0.00,0.00,22.38,NULL,NULL
340740,Teleferic Barcelona,36275425,Telefèric Barcelona (Roseville),2026-02-05 20:34:13.063939,16041060136,A3499D88,733fbd28-c502-42f9-b4d6-5393cc5953e6,Order,Storefront,NULL,89.00,6.90,0.00,0.00,0.00,-3.08,0.00,0.00,0.00,0.00,0.00,0.00,0.00,92.82,NULL,NULL
340740,Teleferic Barcelona,36275425,Telefèric Barcelona (Roseville),2026-02-05 19:26:42.202252,16040470919,689B3642,770e6d04-0031-4499-bddc-d35a1df1d20e,Order,Storefront,NULL,57.00,4.42,0.00,0.00,0.00,-2.08,0.00,0.00,0.00,0.00,0.00,0.00,0.00,59.34,NULL,NULL
340740,Teleferic Barcelona,36275425,Telefèric Barcelona (Roseville),2026-02-05 15:41:43.13409,16037162034,D8564DB1,89a871ef-8a43-48eb-a669-60b22634ac2a,Order,Marketplace,NULL,63.00,3.02,0.00,0.00,-5.85,0.00,0.00,-12.95,-24.00,0.00,0.00,0.00,0.00,23.22,NULL,NULL
340740,Teleferic Barcelona,36275425,Telefèric Barcelona (Roseville),2026-02-04 20:58:43.113013,16030463876,B5232284,8cc1e9d9-709a-4bfb-b325-0e1bbf1bf6d8,Order,Marketplace,NULL,30.00,1.16,0.00,0.00,-2.25,0.00,0.00,-0.99,-15.00,0.00,0.00,0.00,0.00,12.92,NULL,NULL
340740,Teleferic Barcelona,36275425,Telefèric Barcelona (Roseville),2026-02-03 20:33:01.337933,16020184202,6DAEA0D2,b6831ebe-6f80-4e6b-849f-db4b00c0477f,Order,Marketplace,NULL,24.00,0.93,0.00,0.00,-1.80,0.00,0.00,-0.99,-12.00,0.00,0.00,0.00,0.00,10.14,NULL,NULL
340740,Teleferic Barcelona,36275425,Telefèric Barcelona (Roseville),2026-02-02 22:18:17.271682,16010978708,EDF1AECF,6edeed81-c296-4212-98a4-e0e8610b6783,Order,Storefront,NULL,222.00,16.35,0.00,0.00,0.00,-6.89,0.00,0.00,-11.00,0.00,0.00,0.00,0.00,220.46,NULL,NULL
340740,Teleferic Barcelona,36275425,Telefèric Barcelona (Roseville),2026-02-02 19:32:17.412045,16010033516,9F804C4E,1f8f8462-e93c-4566-835a-28ea8a338b7b,Order,Marketplace,NULL,62.00,4.81,0.00,0.00,-9.30,0.00,0.00,0.00,0.00,0.00,0.00,0.00,0.00,57.51,NULL,NULL
