"start_date","end_date","grubhub_store_id","store_number","store_name","street_address","city","state","postal_code","total_orders","subtotal_sales","self_delivery_charge","merchant_fees","sales_tax","tip","merchant_total","commission","delivery_commission","gh_plus_commission","order_processing_fee","withheld_sales_tax","merchant_funded_promotion_and_loyalty","merchant_net_total"
"2025-10-06","2025-10-12","1472076","DE025","Capriotti's Sandwich Shop","456 W Glenwood Ave ","Smyrna","DE","19977","5","209.12","0.00","0.00","0.00","0.00","209.12","-20.92","-20.92","0.00","0.00","0.00","0.00","167.28"
"2025-10-06","2025-10-12","1278731","NV121","Capriotti's Sandwich Shop","11010 Lavender Hill Dr Ste 160  ","Las Vegas","NV","89135","6","104.92","0.00","0.00","8.78","0.00","113.70","-10.50","-6.36","0.00","0.00","-8.78","0.00","88.06"
"2025-10-06","2025-10-12","347944","NV055","Capriotti's Sandwich Shop","7300 N Aliante Pkwy ","North Las Vegas","NV","89084","8","210.25","0.00","0.00","17.61","0.00","227.86","-24.18","-21.04","0.00","0.00","-17.61","0.00","165.03"
"2025-10-06","2025-10-12","2289971","IA190","Capriotti's Sandwich Shop","13101 University Ave ","Clive","IA","50325","13","385.21","0.00","0.00","26.98","0.00","412.19","-38.54","-36.74","0.00","0.00","-26.98","0.00","309.93"
"2025-10-06","2025-10-12","321666","NV062","Capriotti's Sandwich Shop","2300 Paseo Verde Pkwy ","Henderson","NV","89052","2","42.56","0.00","0.00","3.56","5.00","51.12","-4.26","-1.33","0.00","0.00","-3.56","0.00","41.97"
"2025-10-06","2025-10-12","5182088","PA100251","Capriotti's Sandwich Shop","467 N Sumneytown Pike Building B Unit 302  ","North Wales","PA","19454","15","483.31","0.00","0.00","28.99","0.00","512.30","-48.36","-42.12","0.00","0.00","-28.99","0.00","392.83"
"2025-10-06","2025-10-12","8844736","TX100233","Capriotti's Sandwich Shop","3194 W University Dr  ","McKinney","TX","75071","5","182.62","0.00","0.00","12.42","0.00","195.04","-21.55","-21.55","0.00","0.00","0.00","-32.00","119.94"
"2025-10-06","2025-10-12","10859640","Warren","Capriotti's Sandwich Shop","2484 Niles Cortland Rd SE  ","Warren","OH","44484","8","265.03","0.00","0.00","0.00","0.00","265.03","-26.52","-26.52","0.00","0.00","0.00","0.00","211.99"
"2025-10-06","2025-10-12","4703752","MD100298","Capriotti's Sandwich Shop","8036 Ritchie HighwaySuite 1D-2  ","Pasadena","MD","21122","13","378.77","0.00","0.00","22.73","0.00","401.50","-37.91","-36.09","0.00","0.00","-22.73","0.00","304.77"
"2025-10-06","2025-10-12","1026776","NV040","Capriotti's Sandwich Shop","90 S Stephanie St  ","Henderson","NV","89012","3","88.75","0.00","0.00","7.43","0.00","96.18","-10.51","-10.51","0.00","0.00","-7.43","0.00","67.73"
"2025-10-06","2025-10-12","5200176","IN170","Capriotti's Sandwich Shop","902 Roby Dr  ","Hammond","IN","46320","3","138.82","0.00","0.00","11.11","0.00","149.93","-13.89","-10.21","0.00","0.00","-11.11","0.00","114.72"
"2025-10-06","2025-10-12","2262404","DE020","Capriotti's Sandwich Shop","684 N Dupont Blvd ","Milford","DE","19963","3","98.81","0.00","0.00","0.00","0.00","98.81","-9.89","-9.89","0.00","0.00","0.00","-5.00","74.03"
"2025-10-06","2025-10-12","384541","NV024","Capriotti's Sandwich Shop","3830 E Flamingo St ","Las Vegas","NV","89121","9","200.45","0.00","0.00","16.80","0.00","217.25","-20.06","-20.06","0.00","0.00","-16.80","0.00","160.33"
"2025-10-06","2025-10-12","3354735","MD100322","Capriotti's Sandwich Shop","18B Bel Air S Pkwy  ","Bel Air","MD","21015","6","169.04","0.00","0.00","10.14","0.00","179.18","-16.92","-16.92","0.00","0.00","-10.14","0.00","135.20"
"2025-10-06","2025-10-12","1278614","NV008","Capriotti's Sandwich Shop","322 W Sahara Ave ","Las Vegas","NV","89102","3","86.74","0.00","0.00","7.27","0.00","94.01","-8.68","-8.68","0.00","0.00","-7.27","0.00","69.38"
"2025-10-06","2025-10-12","4438128","CA200","Capriotti's Sandwich Shop ","791 Foothill Blvd  ","San Luis Obispo","CA","93405","4","74.13","0.00","0.00","6.48","0.00","80.61","-7.42","-5.56","0.00","0.00","0.00","0.00","67.63"
"2025-10-06","2025-10-12","2472962","OR228","Capriotti’s Sandwich Shop","2818 NE Halsey Street  Portland ","Portland","OR","97232","57","1999.64","0.00","0.00","0.00","0.00","1999.64","-100.07","-196.88","0.00","0.00","0.00","-172.00","1530.69"
"2025-10-06","2025-10-12","2710087","MD086","Capriotti's Sandwich Shop","106 Marlboro Ave  ","Easton","MD","21601","1","53.97","0.00","0.00","3.24","0.00","57.21","-5.40","0.00","0.00","0.00","-3.24","0.00","48.57"
"2025-10-06","2025-10-12","8229544","CA100425","Capriotti's Sandwich Shop","920 N Haven Ave  ","Ontario","CA","91764","23","760.69","0.00","0.00","66.53","0.00","827.22","-76.11","-66.63","0.00","0.00","0.00","0.00","684.48"
"2025-10-06","2025-10-12","10478816","ID100490","Capriotti's Sandwich Shop","200 N Highbrook Wy  ","Star","ID","83669","4","137.76","0.00","0.00","8.26","0.00","146.02","-13.78","-12.78","0.00","0.00","-8.26","0.00","111.20"
"2025-10-06","2025-10-12","5895160","CA100205","Capriotti's Sandwich Shop","27630 The Old Rd Pad C  ","Valencia","CA","91355","17","1025.45","0.00","0.00","100.00","0.00","1125.45","-102.92","-97.68","0.00","0.00","0.00","-102.00","822.85"
"2025-10-06","2025-10-12","516741","NV028","Capriotti's Sandwich Shop","4480 Paradise Rd ","Las Vegas","NV","89169","7","394.14","0.00","0.00","33.00","0.00","427.14","-39.42","-39.42","0.00","0.00","-33.00","0.00","315.30"
"2025-10-06","2025-10-12","1256603","MD118","Capriotti's Sandwich Shop","2285 Forest Dr  ","Annapolis","MD","21401","4","162.89","0.00","0.00","9.78","0.00","172.67","-16.30","-11.22","0.00","0.00","-9.78","0.00","135.37"
"2025-10-06","2025-10-12","321694","NV035","Capriotti's Sandwich Shop","4825 S Fort Apache Rd Ste K ","Las Vegas","NV","89147","8","707.26","0.00","0.00","59.24","0.00","766.50","-70.74","-68.94","0.00","0.00","-59.24","0.00","567.58"
"2025-10-06","2025-10-12","2710456","PA080","Capriotti's Sandwich Shop","141 S State Rd  ","Springfield","PA","19064","26","914.25","0.00","0.00","54.84","1.65","970.74","-91.49","-89.93","0.00","0.00","-54.84","0.00","734.48"
"2025-10-06","2025-10-12","9235568","CO100326","Capriotti's Sandwich Shop","11153 S Parker Rd  ","Parker","CO","80134","2","34.96","0.00","0.00","2.80","0.00","37.76","-3.50","-3.50","0.00","0.00","-2.80","0.00","27.96"
"2025-10-06","2025-10-12","5216440","TX100327","Capriotti's Sandwich Shop","801 International Parkway Suite 530  ","Flower Mound","TX","75022","9","316.51","0.00","0.00","21.82","1.50","339.83","-31.66","-24.13","0.00","0.00","0.00","-52.00","232.04"
"2025-10-06","2025-10-12","6879672","OH100419","Capriotti's Sandwich Shop","6442 S Raccoon Rd  ","Canfield","OH","44406","6","151.49","0.00","0.00","0.00","0.00","151.49","-15.16","-13.53","0.00","0.00","0.00","0.00","122.80"
"2025-10-06","2025-10-12","1414880","NV079","Capriotti's Sandwich Shop","810 N Sierra St ","Reno","NV","89503","33","978.78","0.00","0.00","80.91","0.00","1059.69","-97.91","-87.89","0.00","0.00","-80.91","0.00","792.98"
"2025-10-06","2025-10-12","2855912","SC237","Capriotti's Sandwich Shop","810 Brayden Parkway suite 103  ","Fort Mill","SC","29708","7","207.63","0.00","0.00","16.43","0.00","224.06","-20.77","-20.77","0.00","0.00","-16.43","-25.00","141.09"
"2025-10-06","2025-10-12","7574072","CO100389","Capriotti's Sandwich Shop","1286 Interquest Pkwy  ","Colorado Springs","CO","80920","8","252.60","0.00","0.00","16.94","0.00","269.54","-27.28","-24.28","0.00","0.00","-16.94","-46.00","155.04"
"2025-10-06","2025-10-12","7806768","NV900478","Capriotti's Sandwich Shop","7720 S Las Vegas Blvd  ","Las Vegas","NV","89123","10","265.29","0.00","0.00","21.05","0.00","286.34","-28.18","-28.18","0.00","0.00","-21.05","-14.00","194.93"
"2025-10-06","2025-10-12","10412264","AL443","Capriotti's Sandwich Shop","2003 Whitesburg Dr  ","Huntsville","AL","35801","4","125.67","0.00","0.00","10.05","0.00","135.72","-12.58","-8.10","0.00","0.00","-10.05","0.00","104.99"
"2025-10-06","2025-10-12","2745321","CA084","Capriotti's Sandwich Shop","5495 Sepulveda Blvd Ste H  ","Culver City","CA","90230","27","818.75","0.00","0.00","84.18","2.56","906.38","-82.95","-77.98","0.00","0.00","0.00","-152.00","593.45"
"2025-10-06","2025-10-12","311881","NV031","Capriotti's Sandwich Shop","1311 W. Craig Road, E ","Las Vegas","NV","89032","7","161.39","0.00","0.00","13.52","0.00","174.91","-16.15","-16.15","0.00","0.00","-13.52","0.00","129.09"
"2025-10-06","2025-10-12","3195789","MO100246","Capriotti's Sandwich Shop","10406 NE Cookingham Dr  ","Kansas City","MO","64157","3","130.62","0.00","0.00","11.40","0.00","142.02","-13.07","-7.11","0.00","0.00","0.00","0.00","121.84"
"2025-10-06","2025-10-12","3055744","UT154","Capriotti's Sandwich Shop","6002 S State St  ","Murray","UT","84107","11","296.49","0.00","0.00","25.05","0.00","321.54","-30.23","-28.37","0.00","0.00","0.00","0.00","262.94"
"2025-10-06","2025-10-12","1945745","NV151","Capriottis Sandwich Shop","1122 S Maryland Pkwy ","Las Vegas","NV","89104","7","149.10","0.00","0.00","12.34","0.00","161.44","-15.61","-15.61","0.00","0.00","-12.34","0.00","117.88"
"2025-10-06","2025-10-12","12040168","Marlton","Capriotti's Sandwich Shop","1041 NJ-73  ","Evesham","NJ","08053","16","441.98","0.00","0.00","29.30","0.00","471.28","0.00","0.00","0.00","0.00","0.00","0.00","471.28"
"2025-10-06","2025-10-12","11285352","Anoka","Capriotti's Sandwich Shop","601 E Main St  ","Anoka","MN","55303","11","270.46","0.00","0.00","21.98","0.00","292.44","-28.86","-28.86","0.00","0.00","-21.98","0.00","212.74"
"2025-10-06","2025-10-12","1414782","NV059","Capriotti's Sandwich Shop","11350 Southern Highlands Pkwy ","Las Vegas","NV","89141","9","214.40","0.00","0.00","17.96","4.88","237.24","-21.46","-15.40","0.00","0.00","-17.96","0.00","182.42"
"2025-10-06","2025-10-12","5524352","VA100390","Capriotti's Sandwich Shop","3951 Brambleton Avenue Southwest  ","Roanoke","VA","24018","7","170.06","0.00","0.00","15.05","0.00","185.11","-17.02","-17.02","0.00","0.00","0.00","-3.00","148.07"
"2025-10-06","2025-10-12","321427","NV044","Capriotti's Sandwich Shop","11011 W Charleston Blvd ","Las Vegas","NV","89135","9","246.23","0.00","0.00","20.63","0.00","266.86","-24.64","-19.19","0.00","0.00","-20.63","0.00","202.40"
"2025-10-06","2025-10-12","2876235","CO231","Capriotti's Sandwich Shop","140 E Cheyenne Rd STE 110  ","Colorado Springs","CO","80906","17","560.29","0.00","0.00","37.49","0.00","597.78","-56.07","-56.07","0.00","0.00","-37.49","-103.07","345.08"
"2025-10-06","2025-10-12","2650804","PA220","Capriotti's Sandwich Shop","1814 E Ridge Pike ","Royersford","PA","19468","12","289.34","0.00","0.00","17.37","1.78","308.49","-28.96","-27.28","0.00","0.00","-17.37","0.00","234.88"
"2025-10-06","2025-10-12","1013073","NV022","Capriotti's Sandwich Shop","8450 W Sahara Ave Ste 116  ","Las Vegas","NV","89117","2","30.18","0.00","0.00","2.53","0.00","32.71","-3.02","-3.02","0.00","0.00","-2.53","0.00","24.14"
"2025-10-06","2025-10-12","1257294","NV023","Capriotti's Sandwich Shop","4983 W Flamingo Rd Ste D  ","Las Vegas","NV","89103","10","249.15","0.00","0.00","20.84","0.00","269.99","-25.66","-21.70","0.00","0.00","-20.84","0.00","201.79"
"2025-10-06","2025-10-12","10261416","CA100451","Capriotti's Sandwich Shop","36101 Bob Hope Dr  ","Rancho Mirage","CA","92270","6","160.16","0.00","0.00","12.41","0.00","172.57","-16.03","-13.36","0.00","0.00","0.00","0.00","143.18"
"2025-10-06","2025-10-12","7619608","NV152","Capriotti's Sandwich Shop","1280 E Plumb Ln  ","Reno","NV","89502","2","39.86","0.00","0.00","3.29","0.00","43.15","-3.99","-2.61","0.00","0.00","-3.29","0.00","33.26"
"2025-10-06","2025-10-12","3354463","OR100230","Capriotti's Sandwich Shop","13140 Southeast 172nd Avenue #134  ","Happy Valley","OR","97086","25","971.77","0.00","0.00","0.00","0.00","971.77","-97.23","-88.54","0.00","0.00","0.00","-52.00","734.00"
"2025-10-06","2025-10-12","2728250","SD187","Capriotti's Sandwich Shop","3617 W Avera Dr  ","Sioux Falls","SD","57108","1","6.59","0.00","0.00","0.47","0.00","7.06","-2.39","-2.39","0.00","0.00","-0.47","0.00","1.81"
"2025-10-06","2025-10-12","2765419","DE004","Capriotti's Sandwich Shop","2124 Silverside Rd  ","Wilmington","DE","19810","18","505.15","0.00","0.00","0.00","0.00","505.15","-50.55","-50.55","0.00","0.00","0.00","-47.00","357.05"
"2025-10-06","2025-10-12","4390440","IN100333","Capriotti's Sandwich Shop","11100 North Michigan RoadSTE 103  ","Zionsville","IN","46077","5","99.43","0.00","0.00","8.95","0.00","108.38","-9.95","-7.25","0.00","0.00","-8.95","0.00","82.23"
"2025-10-06","2025-10-12","3293327","IL100206","Capriotti's Sandwich Shop","1730 W Fullerton Ave  ","Chicago","IL","60614","50","1718.27","0.00","0.00","177.57","0.00","1895.84","-174.43","-161.09","0.00","0.00","-177.57","-67.00","1315.75"
"2025-10-06","2025-10-12","11584616","Frisco","Capriotti's Sandwich Shop","1612 FM 423  ","Frisco","TX","75034","7","231.24","0.00","0.00","15.11","0.00","246.35","-23.59","-23.59","0.00","0.00","0.00","-48.00","151.17"
"2025-10-06","2025-10-12","1278532","NV051","Capriotti's Sandwich Shop","771 E Horizon Dr Ste 128  ","Henderson","NV","89015","7","639.50","0.00","0.00","53.56","0.00","693.06","-63.96","-25.78","0.00","0.00","-53.56","0.00","549.76"
"2025-10-06","2025-10-12","6358344","HI100392","Capriotti's Sandwich Shop","4210 Waialae Avenue unit 107  ","Honolulu","HI","96816","14","416.62","0.00","0.00","18.75","0.00","435.37","-41.69","-35.73","0.00","0.00","-18.75","0.00","339.20"
"2025-10-06","2025-10-12","10773856","ID100461","Capriotti's Sandwich Shop","264 S Beck Rd  ","Post Falls","ID","83854","8","223.46","0.00","0.00","13.43","0.00","236.89","-22.36","-20.63","0.00","0.00","-13.43","0.00","180.47"
"2025-10-06","2025-10-12","1296584","UT108","Capriotti's Sandwich Shop","250 Red Cliffs Dr ","St. George","UT","84790","5","189.96","0.00","0.00","14.72","0.00","204.68","-19.00","-19.00","0.00","0.00","0.00","0.00","166.68"
"2025-10-06","2025-10-12","6924416","CA100455","Capriotti's Sandwich Shop","26889 Sierra Hwy  ","Santa Clarita","CA","91321","11","345.03","0.00","0.00","33.66","0.00","378.69","-34.53","-24.99","0.00","0.00","0.00","-60.00","259.17"
"2025-10-06","2025-10-12","3217317","PA100176","Capriotti's Sandwich Shop","5585 Hamilton Blvd  ","Allentown","PA","18106","31","836.65","0.00","0.00","48.10","0.00","884.75","-85.59","-81.96","0.00","0.00","-48.10","-35.00","634.10"
"2025-10-06","2025-10-12","2875563","FL193","Capriotti's Sandwich Shop","12267 State Road 54  ","Odessa","FL","33556","3","54.15","0.00","0.00","3.80","0.00","57.95","-5.42","-5.42","0.00","0.00","0.00","0.00","47.11"
"2025-10-06","2025-10-12","1026731","NV034","Capriotti's Sandwich Shop","11155 S Eastern Ave  ","Henderson","NV","89052","8","559.93","0.00","0.00","46.88","0.00","606.81","-56.01","-53.57","0.00","0.00","-46.88","0.00","450.35"
"2025-10-06","2025-10-12","7910688","VA100355","Capriotti's Sandwich Shop","2203 Plank Rd  ","Fredericksburg","VA","22401","10","336.36","0.00","0.00","38.00","0.00","374.36","-33.65","-33.65","0.00","0.00","0.00","0.00","307.06"
"2025-10-06","2025-10-12","321680","NV049","Capriotti's Sandwich Shop","6965 S Rainbow Blvd Ste 104 ","Las Vegas","NV","89118","10","420.89","0.00","0.00","35.25","4.87","461.01","-42.11","-39.86","0.00","0.00","-35.25","0.00","343.79"
"2025-10-06","2025-10-12","3055831","UT132","Capriotti's Sandwich Shop ","2569 S 5600 W #350  ","West Valley","UT","84120","8","278.21","0.00","0.00","22.93","0.00","301.14","-29.34","-29.34","0.00","0.00","0.00","0.00","242.46"
"2025-10-06","2025-10-12","3245958","DE100158","Capriotti's Sandwich Shop","5600 Concord Pike  ","Wilmington","DE","19803","9","255.01","0.00","0.00","0.00","0.00","255.01","-25.52","-22.95","0.00","0.00","0.00","-47.00","159.54"
"2025-10-06","2025-10-12","3293431","NY100268","Capriotti's Sandwich Shop","373 Smithtown Bypass  ","Hauppauge","NY","11788","9","284.62","0.00","0.00","23.06","0.00","307.68","-28.49","-21.65","0.00","0.00","0.00","-21.00","236.54"
"2025-10-06","2025-10-12","11194832","Enfield","Capriotti's Sandwich Shop","190 Elm St  ","Enfield","CT","06082","15","320.55","0.00","0.00","23.57","0.00","344.12","-32.09","-26.58","0.00","0.00","-23.57","0.00","261.88"
"2025-10-06","2025-10-12","1257296","NV043","Capriotti's Sandwich Shop","7240 W Azure Dr Ste 155  ","Las Vegas","NV","89130","2","64.15","0.00","0.00","5.38","0.00","69.53","-6.42","-6.42","0.00","0.00","-5.38","0.00","51.31"
"2025-10-06","2025-10-12","1245976","IN144","Capriotti's Sandwich Shop","5320 E 82nd St Ste 105  ","Indianapolis","IN","46250","10","241.88","0.00","0.00","21.77","4.85","268.50","-24.21","-20.72","0.00","0.00","-21.77","0.00","201.80"
"2025-10-06","2025-10-12","5119424","MD100332","Capriotti's Sandwich Shop","889 Maryland 3, STE 400  ","Gambrills","MD","21054","5","198.24","0.00","0.00","11.89","0.00","210.13","-19.83","-18.51","0.00","0.00","-11.89","0.00","159.90"
"2025-10-06","2025-10-12","6099744","NC100201","Capriotti's Sandwich Shop","2040 Freeman Park Drive  ","Charlotte","NC","28273","11","264.44","0.00","0.00","19.28","0.00","283.72","-28.20","-24.15","0.00","0.00","-19.28","-31.00","181.09"
"2025-10-06","2025-10-12","1426018","PA032","Capriotti's Sandwich Shop","827 W Baltimore Pike  ","West Grove","PA","19390","2","79.15","0.00","0.00","4.75","0.00","83.90","-7.92","-2.88","0.00","0.00","-4.75","0.00","68.35"
"2025-10-06","2025-10-12","3237659","DE100320","Capriotti's Sandwich Shop","25938 Plaza Drive  ","Millsboro","DE","19966","2","155.97","0.00","0.00","0.00","0.00","155.97","-15.60","0.00","0.00","0.00","0.00","0.00","140.37"
"2025-10-06","2025-10-12","2745349","MD013","Capriotti's Sandwich Shop","202 S Bridge St  ","Elkton","MD","21921","4","84.03","0.00","0.00","5.03","0.00","89.06","-8.41","-8.41","0.00","0.00","-5.03","0.00","67.21"
"2025-10-06","2025-10-12","8500656","TX100444","Capriotti's Sandwich Shop","3655 Catclaw Dr  ","Abilene","TX","79606","6","190.12","0.00","0.00","15.67","0.00","205.79","-19.03","-19.03","0.00","0.00","0.00","0.00","167.73"
"2025-10-06","2025-10-12","3049327","CA215","Capriotti's Sandwich Shop","14063 Limonite Ave  ","Eastvale","CA","92880","6","285.38","0.00","0.00","24.96","0.00","310.34","-28.55","-28.55","0.00","0.00","0.00","0.00","253.24"
"2025-10-06","2025-10-12","7357056","CA100403","Capriotti's Sandwich Shop","3230 E Bidwell St  ","Folsom","CA","95630","4","135.01","0.00","0.00","10.46","0.00","145.47","-13.50","-12.31","0.00","0.00","0.00","0.00","119.66"
"2025-10-06","2025-10-12","3278768",,"Capriotti's Sandwich Shop","505 University Drive East  ","College Station","TX","77840","2","134.70","0.00","0.00","10.45","0.00","145.15","-13.47","-3.36","0.00","0.00","0.00","-8.00","120.32"
"2025-10-06","2025-10-12","280851","AZ104","Capriotti's Sandwich Shop","4017 N Scottsdale Rd Ste 100 ","Scottsdale","AZ","85251","27","689.83","0.00","0.00","47.89","4.00","741.72","-74.09","-68.55","0.00","0.00","0.00","-95.00","504.08"
"2025-10-06","2025-10-12","7619600","NV191","Capriotti's Sandwich Shop","2190 E William St  ","Carson City","NV","89701","7","167.07","0.00","0.00","12.71","0.00","179.78","-16.72","-16.72","0.00","0.00","-12.71","0.00","133.63"
"2025-10-06","2025-10-12","1472659","DE001","Capriotti's Sandwich Shop","510 N Union St ","Wilmington","DE","19805","21","505.51","0.00","0.00","0.00","0.00","505.51","-52.32","-52.32","0.00","0.00","0.00","0.00","400.87"
"2025-10-06","2025-10-12","815979","GA141","Capriotti's Sandwich Shop","777 Townpark Ln NW Ste 104  ","Kennesaw","GA","30144","7","212.37","0.00","0.00","12.74","0.00","225.11","-21.25","-21.25","0.00","0.00","-12.74","0.00","169.87"
"2025-10-06","2025-10-12","1026823","NV048","Capriotti's Sandwich Shop","1010 Nevada Way  ","Boulder City","NV","89005","4","120.61","0.00","0.00","10.09","0.00","130.70","-12.07","-12.07","0.00","0.00","-10.09","0.00","96.47"
"2025-10-06","2025-10-12","7364896","FL100404","Capriotti's Sandwich Shop","7480 Cortez Rd W  ","Bradenton","FL","34209","6","243.06","0.00","0.00","17.00","0.00","260.06","-24.32","-24.32","0.00","0.00","0.00","0.00","211.42"
"2025-10-06","2025-10-12","6102728","ID100423","Capriotti's Sandwich Shop","2565 E 17th St. Suite #2  ","Ammon","ID","83406","3","79.55","0.00","0.00","4.77","0.00","84.32","-7.96","-7.96","0.00","0.00","-4.77","0.00","63.63"
"2025-10-06","2025-10-12","695584","NV139","Capriotti's Sandwich Shop","7540 Oso Blanca Rd ","Las Vegas","NV","89149","16","574.10","0.00","0.00","48.09","2.00","624.19","-57.44","-48.14","0.00","0.00","-48.09","0.00","470.52"
"2025-10-06","2025-10-12","9234080","CO229","Capriotti's Sandwich Shop","1100 Sergeant Jon Stiles Dr  ","Highlands Ranch","CO","80129","6","313.01","0.00","0.00","15.65","0.00","328.66","-31.31","-31.31","0.00","0.00","-15.65","0.00","250.39"
"2025-10-06","2025-10-12","1191660","SD162","Capriotti's Sandwich Shop","2504 S Marion Rd  ","Sioux Falls","SD","57106","3","61.52","0.00","0.00","4.43","0.00","65.95","-6.16","-6.16","0.00","0.00","-4.43","0.00","49.20"
"2025-10-06","2025-10-12","1278416","NV036","Capriotti's Sandwich Shop","9620 Las Vegas Blvd S Ste E5  ","Las Vegas","NV","89123","7","156.46","0.00","0.00","12.42","0.00","168.88","-15.66","-15.66","0.00","0.00","-12.42","-8.00","117.14"
"2025-10-06","2025-10-12","10474496","NV100486","Capriotti's Sandwich Shop","3720 Sunset Rd  ","Las Vegas","NV","89120","5","175.74","0.00","0.00","14.72","0.00","190.46","-17.59","-17.59","0.00","0.00","-14.72","0.00","140.56"
"2025-10-06","2025-10-12","9235576","CO100236","Capriotti's Sandwich Shop","5715 Atrium Dr  ","Castle Rock","CO","80108","5","107.41","0.00","0.00","8.71","0.00","116.12","-10.75","-8.37","0.00","0.00","-8.71","0.00","88.29"
"2025-10-06","2025-10-12","3265301","PA016","Capriotti's Sandwich Shop","607 E Market St  ","West Chester","PA","19382","13","297.00","0.00","0.00","17.81","0.00","314.81","-29.73","-24.50","0.00","0.00","-17.81","0.00","242.77"
"2025-10-06","2025-10-12","2598895","CA197","Capriotti's Sandwich Shop","5058 N Palm Ave ","Fresno","CA","93704","13","445.11","0.00","0.00","37.14","0.00","482.25","-44.54","-43.34","0.00","0.00","0.00","0.00","394.37"
"2025-10-06","2025-10-12","10374016","NJ100463","Capriotti's Sandwich Shop","301 N Harrison St  ","Princeton","NJ","08540","9","294.52","0.00","0.00","19.51","0.00","314.03","-29.47","-17.92","0.00","0.00","0.00","0.00","266.64"
"2025-10-06","2025-10-12","5452752","CA100321","Capriotti's Sandwich Shop","2888 E Shepherd Ave  ","Fresno","CA","93720","5","144.16","0.00","0.00","12.04","0.00","156.20","-14.42","-12.38","0.00","0.00","0.00","0.00","129.40"
"2025-10-06","2025-10-12","1044845","DE009","Capriotti's Sandwich Shop","430 Eden Cir  ","Bear","DE","19701","16","402.60","0.00","0.00","0.00","0.00","402.60","-40.64","-38.30","0.00","0.00","0.00","-38.00","285.66"
"2025-10-06","2025-10-12","705371","NV026","Capriotti's Sandwich Shop","7291 S Eastern Ave Ste F ","Las Vegas","NV","89119","7","200.15","0.00","0.00","16.76","0.00","216.91","-20.03","-20.03","0.00","0.00","-16.76","0.00","160.09"
"2025-10-06","2025-10-12","9232784","NV900467","Capriotti's Sandwich Shop","142 Los Altos Pkwy  ","Sparks","NV","89436","11","268.99","0.00","0.00","22.24","0.00","291.23","-26.92","-19.46","0.00","0.00","-22.24","0.00","222.61"
"2025-10-06","2025-10-12","6190960","FL100383","Capriotti's Sandwich Shop","3817 Northdale Blvd   ","Tampa","FL","33618","7","196.71","0.00","0.00","11.75","0.00","208.46","-19.69","-19.69","0.00","0.00","0.00","-40.00","129.08"
"2025-10-06","2025-10-12","321876","NV075","Capriotti's Sandwich Shop","4949 N Rancho Dr ","Las Vegas","NV","89130","7","413.40","0.00","0.00","34.64","0.00","448.04","-41.35","-41.35","0.00","0.00","-34.64","0.00","330.70"
"2025-10-06","2025-10-12","2051422","NV054","Capriotti's Sandwich Shop","1530 S Stanford Way Ste B  ","Sparks","NV","89431","11","281.15","0.00","0.00","23.25","0.00","304.40","-28.14","-22.12","0.00","0.00","-23.25","0.00","230.89"
"2025-10-06","2025-10-12","3203833","FL100238","Capriotti's Sandwich Shop","1948 Collier Pkwy  ","Lutz","FL","33549","2","84.63","0.00","0.00","5.93","0.00","90.56","-8.47","-8.47","0.00","0.00","0.00","0.00","73.62"
"2025-10-06","2025-10-12","1026872","NV142","Capriotti's Sandwich Shop","5020 Blue Diamond Rd  ","Las Vegas","NV","89139","6","135.06","0.00","0.00","11.29","0.00","146.35","-13.52","-12.14","0.00","0.00","-11.29","0.00","109.40"
"2025-10-06","2025-10-12","7993648","AL100443","Capriotti's Sandwich Shop","461 John Henry Way  ","Madison","AL","35758","3","82.35","0.00","0.00","6.59","0.00","88.94","-9.74","-9.74","0.00","0.00","-6.59","0.00","62.87"
"2025-10-06","2025-10-12","3216399","IA090","Capriotti's Sandwich Shop","4640 1st Ave SE  ","Cedar Rapids","IA","52402","3","54.06","0.00","0.00","3.78","0.00","57.84","-5.65","-5.65","0.00","0.00","-3.78","0.00","42.76"
"2025-10-06","2025-10-12","1477229","DE002","Capriotti's Sandwich Shop","708 West Basin Rd ","Wilmington Manor","DE","19720","6","256.54","0.00","0.00","0.00","0.00","256.54","-25.67","-20.71","0.00","0.00","0.00","0.00","210.16"
"2025-10-06","2025-10-12","3293177","CO100245","Capriotti's Sandwich Shop","7939 E Arapahoe Rd  ","Greenwood Village","CO","80112","5","117.60","0.00","0.00","8.53","0.00","126.13","-11.77","-11.77","0.00","0.00","-8.53","0.00","94.06"
"2025-10-06","2025-10-12","11352080","CA100265","Capriotti's Sandwich Shop","12831 Moreno Beach Dr  ","Moreno Valley","CA","92555","6","182.29","0.00","0.00","14.13","0.00","196.42","-18.24","-18.24","0.00","0.00","0.00","0.00","159.94"
"2025-10-06","2025-10-12","280862","AZ081","Capriotti's Sandwich Shop","15227 N 87th St Ste 107 ","Scottsdale","AZ","85260","10","328.63","0.00","0.00","21.63","0.00","350.26","-32.89","-32.89","0.00","0.00","0.00","-60.00","224.48"
"2025-10-06","2025-10-12","7044336","IL100206","Capriotti's Sandwich Shop Catering ","1730 W Fullerton Ave  ","Chicago","IL","60614","1","306.37","0.00","0.00","0.00","0.00","306.37","-30.64","-30.64","0.00","0.00","0.00","0.00","245.09"
"2025-10-06","2025-10-12","7715600","MO100412","Capriotti's Sandwich Shop","9532 Manchester Rd  ","St. Louis","MO","63119","6","227.09","0.00","0.00","25.50","0.00","252.59","-22.72","-22.72","0.00","0.00","0.00","0.00","207.15"
"2025-10-06","2025-10-12","3235323","PA014","Capriotti's Sandwich Shop","301 Byers Dr  ","Glen Mills","PA","19342","4","174.86","0.00","0.00","10.49","0.00","185.35","-17.49","-17.49","0.00","0.00","-10.49","0.00","139.88"
"2025-10-06","2025-10-12","10886048","Chicago","Capriotti's Sandwich Shop","850 W Superior St  ","Chicago","IL","60642","42","1376.54","0.00","0.00","155.04","0.00","1531.58","-137.73","-137.73","0.00","0.00","-155.04","-57.00","1044.08"
"2025-10-06","2025-10-12","1408880","NV067","Capriotti's Sandwich Shop","5140 Kietzke Lne  ","Reno","NV","89511","20","578.49","0.00","0.00","44.43","0.00","622.92","-59.68","-54.18","0.00","0.00","-44.43","-41.00","423.63"
"2025-10-06","2025-10-12","1251336","CA164","Capriotti's Sandwich Shop","9171 De Soto Ave Ste E  ","Chatsworth","CA","91311","23","924.72","0.00","0.00","90.16","0.00","1014.88","-92.52","-88.67","0.00","0.00","0.00","-180.90","652.79"
"2025-10-06","2025-10-12","7874720","NC100407","Capriotti's Sandwich Shop","4323 Park Rd  ","Charlotte","NC","28209","4","70.21","0.00","0.00","4.89","0.00","75.10","-8.98","-6.52","0.00","0.00","-4.89","-11.00","43.71"
"2025-10-06","2025-10-12","1407053","NV126","Capriotti's Sandwich Shop","2620 Nature Park Dr ","North Las Vegas","NV","89084","15","445.87","0.00","0.00","37.32","0.00","483.19","-44.62","-34.68","0.00","0.00","-37.32","0.00","366.57"
"2025-10-06","2025-10-12","9713992","CA100453","Capriotti's Sandwich Shop","9867 Magnolia Ave  ","Riverside","CA","92503","10","451.32","0.00","0.00","39.49","0.00","490.81","-45.15","-45.15","0.00","0.00","0.00","0.00","400.51"
"2025-10-06","2025-10-12","2421104","NV168","Capriottis Sandwich Shop","3455 St Rose Pkwy ","Henderson","NV","89052","12","439.75","0.00","0.00","36.84","0.00","476.59","-44.00","-41.25","0.00","0.00","-36.84","0.00","354.50"
"2025-10-06","2025-10-12","2262704","DE007","Capriotti's Sandwich Shop","321 Independence Blvd ","Dover","DE","19904","8","213.17","0.00","0.00","0.00","0.00","213.17","-22.90","-22.90","0.00","0.00","0.00","-5.00","162.37"
"2025-10-06","2025-10-12","1026827","NV058","Capriotti's Sandwich Shop","8090 Blue Diamond Rd  ","Las Vegas","NV","89178","8","311.91","0.00","0.00","26.10","0.00","338.01","-31.20","-22.40","0.00","0.00","-26.10","0.00","258.31"
"2025-10-06","2025-10-12","8995856","CA100377","Capriotti's Sandwich Shop","4041 Sunrise Blvd  ","Rancho Cordova","CA","95742","7","180.76","0.00","0.00","15.96","0.00","196.72","-19.66","-12.35","0.00","0.00","0.00","0.00","164.71"
"2025-10-06","2025-10-12","7357064","CA 171","Capriotti's Sandwich Shop","4060 Douglas Blvd  ","Granite Bay","CA","95746","14","428.13","0.00","0.00","31.04","0.00","459.17","-45.60","-44.58","0.00","0.00","0.00","0.00","368.99"
"2025-10-06","2025-10-12","5896776","CO100410","Capriotti's Sandwich Shop","5856 Barnes Rd  ","Colorado Springs","CO","80922","23","760.95","0.00","0.00","52.29","0.00","813.24","-77.14","-77.14","0.00","0.00","-52.29","-123.00","483.67"
"2025-10-06","2025-10-12","695568","NV021","Capriotti's Sandwich Shop","7440 W Cheyenne Ave Ste 101 ","Las Vegas","NV","89128","8","186.50","0.00","0.00","15.63","0.00","202.13","-18.92","-16.34","0.00","0.00","-15.63","0.00","151.24"
"2025-10-06","2025-10-12","1947263","DE130","Capriotti's Sandwich Shop","120 Lantana Dr ","Hockessin","DE","19707","8","253.90","0.00","0.00","0.00","0.00","253.90","-25.41","-22.18","0.00","0.00","0.00","0.00","206.31"
"2025-10-06","2025-10-12","384341","NV041","Capriotti's Sandwich Shop","1200 N Town Center Dr ","Las Vegas","NV","89144","8","370.95","0.00","0.00","31.07","0.00","402.02","-37.11","-29.67","0.00","0.00","-31.07","0.00","304.17"
"2025-10-06","2025-10-12","8585264","NV019","Capriotti's Sandwich Shop","6340 W Charleston Blvd  ","Las Vegas","NV","89146","6","167.37","0.00","0.00","14.01","0.00","181.38","-16.75","-16.75","0.00","0.00","-14.01","0.00","133.87"
"2025-10-06","2025-10-12","321675","NV056","Capriotti's Sandwich Shop","325 N Nellis Blvd Ste 120 ","Las Vegas","NV","89110","12","353.29","0.00","0.00","29.58","0.00","382.87","-38.30","-38.30","0.00","0.00","-29.58","0.00","276.69"
"2025-10-06","2025-10-12","3231314","ID100290","Capriotti's Sandwich Shop","305 W Appleway Ave  ","Coeur d'Alene","ID","83815","7","159.26","0.00","0.00","9.56","0.00","168.82","-15.94","-15.94","0.00","0.00","-9.56","0.00","127.38"
"2025-10-06","2025-10-12","5174904","PA100330","Capriotti's Sandwich Shop","10 St Francis Way Ste. 10  ","Cranberry Township","PA","16066","7","221.62","0.00","0.00","11.92","0.00","233.54","-23.73","-22.28","0.00","0.00","-11.92","-23.00","152.61"
"2025-10-06","2025-10-12","2693236","AR100196","Capriotti's Sandwich Shop","1406 S Walton Blvd ","Bentonville","AR","72712","7","197.72","0.00","0.00","20.75","0.00","218.47","-19.78","-19.78","0.00","0.00","-20.75","0.00","158.16"
"2025-10-06","2025-10-12","1290816","DE003","Capriotti's Sandwich Shop","250 E Main St Ste 241  ","Newark","DE","19711","12","286.99","0.00","0.00","0.00","0.00","286.99","-28.72","-15.83","0.00","0.00","0.00","0.00","242.44"
"2025-10-06","2025-10-12","7804952","AZ900482","Capriotti's Sandwich Shop","1830 E Broadway Blvd  ","Tucson","AZ","85719","7","138.64","0.00","0.00","11.72","0.00","150.36","-13.88","-10.87","0.00","0.00","0.00","-4.00","121.61"
"2025-10-06","2025-10-12","10478888","PA100505","Capriotti's Sandwich Shop","1086 E Lancaster Ave  ","Downingtown","PA","19335","9","337.91","0.00","0.00","20.26","0.00","358.17","-33.81","-25.04","0.00","0.00","-20.26","0.00","279.06"
"2025-10-06","2025-10-12","5258464","KS207","Capriotti's Sandwich Shop","11902 W 119th St  ","Overland Park","KS","66210","8","323.48","0.00","0.00","30.24","0.00","353.72","-32.37","-32.37","0.00","0.00","-30.24","0.00","258.74"
"2025-10-06","2025-10-12","11448488","Pearl Riverwind East","Capriotti's Sandwich Shop","190 Riverwind E Dr  ","Pearl","MS","39208","3","54.35","0.00","0.00","5.44","0.00","59.79","-5.44","-5.44","0.00","0.00","0.00","0.00","48.91"
"2025-10-06","2025-10-12","2794757","OK213","Capriotti's Sandwich Shop","915 E Kenosha Street   ","Broken Arrow","OK","74012","4","81.93","0.00","0.00","6.89","0.00","88.82","-8.20","-6.01","0.00","0.00","-6.89","0.00","67.72"
"2025-10-06","2025-10-12","1040127","UT155","Capriotti's Sandwich Shop","1881 W Traverse Pkwy  ","Lehi","UT","84043","4","136.02","0.00","0.00","11.09","0.00","147.11","-13.60","-13.60","0.00","0.00","0.00","0.00","119.91"
"2025-10-06","2025-10-12","7504656","AZ071","Capriotti's Sandwich Shop","3510 E Baseline Rd  ","Mesa","AZ","85204","14","519.59","0.00","0.00","43.12","0.00","562.71","-51.98","-51.98","0.00","0.00","0.00","0.00","458.75"
"2025-10-06","2025-10-12","695705","NV147","Capriotti's Sandwich Shop","3355 Novat St Ste 150 ","Las Vegas","NV","89129","8","223.12","0.00","0.00","18.28","0.00","241.40","-22.33","-15.21","0.00","0.00","-18.28","-5.00","180.58"
"2025-10-06","2025-10-12","1472751","DE018","Capriotti's Sandwich Shop","4522 Kirkwood Hwy ","Wilmington","DE","19808","6","132.36","0.00","0.00","0.00","0.00","132.36","-13.25","-10.35","0.00","0.00","0.00","0.00","108.76"
"2025-10-06","2025-10-12","5579360","OK100234","Capriotti's Sandwich Shop","8115 S Olympia Ave W  ","Tulsa","OK","74132","6","228.57","0.00","0.00","19.46","0.00","248.03","-23.65","-20.27","0.00","0.00","-19.46","0.00","184.65"
"2025-10-06","2025-10-12","3056607","UT156","Capriotti's Sandwich Shop","4608 W Partridge Hill Ln  ","Riverton","UT","84065","8","289.95","0.00","0.00","23.93","0.00","313.88","-29.02","-29.02","0.00","0.00","0.00","0.00","255.84"
"2025-10-06","2025-10-12","1278529","NV103","Capriotti's Sandwich Shop","170 N Boulder Hwy ","Henderson","NV","89015","16","511.27","0.00","0.00","40.41","0.00","551.68","-51.16","-40.29","0.00","0.00","-40.41","-29.00","390.82"
"2025-10-06","2025-10-12","1278807","NV111","Capriotti’s Sandwich Shop","3820 E Craig Rd ","North Las Vegas","NV","89030","10","375.68","0.00","0.00","31.45","0.00","407.13","-38.07","-38.07","0.00","0.00","-31.45","0.00","299.54"
"2025-10-06","2025-10-12","3285348","NV109300","Capriotti's Sandwich Shop","4111 Boulder Hwy  ","Las Vegas","NV","89121","6","284.22","0.00","0.00","23.81","0.00","308.03","-28.44","-28.44","0.00","0.00","-23.81","0.00","227.34"
"2025-10-06","2025-10-12","1391102","IA069","Capriotti's Sandwich Shop","3016 E 53rd St ","Davenport","IA","52807","10","233.39","0.00","0.00","16.34","0.00","249.73","-23.36","-23.36","0.00","0.00","-16.34","0.00","186.67"
"2025-10-06","2025-10-12","1044849","DE094","Capriotti's Sandwich Shop","4132 Ogletown Stanton Rd  ","Newark","DE","19713","5","136.59","0.00","0.00","0.00","0.00","136.59","-13.67","-13.67","0.00","0.00","0.00","0.00","109.25"
